Province_State,Country_Region,Last_Update,Lat,Long_,Confirmed,Deaths,Recovered,Active,FIPS,Incident_Rate,People_Tested,People_Hospitalized,Mortality_Rate,UID,ISO3,Testing_Rate,Hospitalization_Rate,Cases_28_Days,Deaths_28_Days
Australian Capital Territory,Australia,2021-09-15 13:32:12,-35.4735,149.0124,665,3,,,,155.33753795842094,,,0.4511278195488722,3601,AUS,,,474,0
New South Wales,Australia,2021-09-15 13:32:12,-33.8688,151.2093,47007,252,,,,579.0465631929046,,,0.5360903695194332,3602,AUS,,,31964,138
Northern Territory,Australia,2021-09-15 13:32:12,-12.4634,130.8456,203,0,,,,82.65472312703585,,,0.0,3603,AUS,,,3,0
Queensland,Australia,2021-09-15 13:32:12,-27.4698,153.0251,2010,7,,,,39.29234678917017,,,0.3482587064676617,3604,AUS,,,49,0
South Australia,Australia,2021-09-15 13:32:12,-34.9285,138.6007,896,4,,,,51.01053230856817,,,0.44642857142857145,3605,AUS,,,28,0
Tasmania,Australia,2021-09-15 13:32:12,-42.8821,147.3272,235,13,,,,43.8842203548086,,,5.531914893617022,3606,AUS,,,0,0
Victoria,Australia,2021-09-15 13:32:12,-37.8136,144.9631,26439,828,,,,398.78429538907073,,,3.1317372063996367,3607,AUS,,,5224,8
Western Australia,Australia,2021-09-15 13:32:12,-31.9505,115.8605,1089,9,,,,41.397399832737776,,,0.8264462809917356,3608,AUS,,,28,0
Antwerp,Belgium,2021-09-15 13:32:12,51.2195,4.4024,159811,0,,,,8601.302700881492,,,0.0,5601,BEL,,,6967,0
Brussels,Belgium,2021-09-15 13:32:12,50.8503,4.3517,160493,0,,,,13279.886011408791,,,0.0,5602,BEL,,,13720,0
East Flanders,Belgium,2021-09-15 13:32:12,51.0362,3.7373,138072,0,,,,9113.2783829594,,,0.0,5603,BEL,,,5189,0
Flemish Brabant,Belgium,2021-09-15 13:32:12,50.9167,4.5833,96228,0,,,,8395.5765917072,,,0.0,5604,BEL,,,5299,0
Hainaut,Belgium,2021-09-15 13:32:12,50.5257,4.0621,170812,0,,,,12706.947638109536,,,0.0,5605,BEL,,,4593,0
Liege,Belgium,2021-09-15 13:32:12,50.4496,5.8492,143888,0,,,,12998.10658071603,,,0.0,5606,BEL,,,7691,0
Limburg,Belgium,2021-09-15 13:32:12,50.9739,5.3420000000000005,68151,0,,,,7797.169034194918,,,0.0,5607,BEL,,,2996,0
Luxembourg,Belgium,2021-09-15 13:32:12,50.0547,5.4677,33592,0,,,,11801.656841321255,,,0.0,5608,BEL,,,1091,0
Namur,Belgium,2021-09-15 13:32:12,50.331,4.8221,62858,0,,,,12715.925757345876,,,0.0,5609,BEL,,,1518,0
Unknown,Belgium,2021-09-15 13:32:12,,,23810,25477,,,,,,,107.00125997480049,5610,BEL,,,1163,178
Walloon Brabant,Belgium,2021-09-15 13:32:12,50.4,4.35,46607,0,,,,11547.848235501078,,,0.0,5611,BEL,,,1899,0
West Flanders,Belgium,2021-09-15 13:32:12,51.0536,3.1458,107784,0,,,,9013.577566742151,,,0.0,5612,BEL,,,3360,0
Acre,Brazil,2021-09-15 13:32:12,-9.0238,-70.812,87914,1816,,,,9968.308322041874,,,2.0656550720021842,7601,BRA,,,312,8
Alagoas,Brazil,2021-09-15 13:32:12,-9.5713,-36.782,237287,6146,,,,7110.027485821865,,,2.590112395537893,7602,BRA,,,4002,172
Amapa,Brazil,2021-09-15 13:32:12,0.902,-52.003,122609,1963,,,,14497.39929126401,,,1.6010243946202969,7603,BRA,,,529,22
Amazonas,Brazil,2021-09-15 13:32:12,-3.4168,-65.8561,425701,13707,,,,10271.227817807136,,,3.2198655864092403,7604,BRA,,,3702,68
Bahia,Brazil,2021-09-15 13:32:12,-12.5797,-41.7007,1226941,26677,,,,8249.416529102544,,,2.1742691783875507,7605,BRA,,,16269,499
Ceara,Brazil,2021-09-15 13:32:12,-5.4984,-39.3206,934512,24132,,,,10233.289728799953,,,2.582310339514099,7606,BRA,,,7525,273
Distrito Federal,Brazil,2021-09-15 13:32:12,-15.7998,-47.8645,481699,10230,,,,15975.329556112425,,,2.1237328705270304,7607,BRA,,,20859,381
Espirito Santo,Brazil,2021-09-15 13:32:12,-19.1834,-40.3089,573046,12386,,,,14259.664315130703,,,2.1614320665356708,7608,BRA,,,20472,290
Goias,Brazil,2021-09-15 13:32:12,-15.827,-49.8362,839020,22983,,,,11954.654894865662,,,2.739267240351839,7609,BRA,,,55283,1140
Maranhao,Brazil,2021-09-15 13:32:12,-4.9609,-45.2744,352747,10110,,,,4985.695772306037,,,2.866076819930432,7610,BRA,,,8722,251
Mato Grosso,Brazil,2021-09-15 13:32:12,-12.6819,-56.9211,525300,13418,,,,15075.480719283816,,,2.554349895297925,7611,BRA,,,20726,427
Mato Grosso do Sul,Brazil,2021-09-15 13:32:12,-20.7722,-54.7852,371045,9477,,,,13351.812495636897,,,2.5541376382918517,7612,BRA,,,7327,277
Minas Gerais,Brazil,2021-09-15 13:32:12,-18.5122,-44.555,2098724,53732,,,,9914.236481431557,,,2.560222306506239,7613,BRA,,,72733,1730
Para,Brazil,2021-09-15 13:32:12,-1.9981,-54.9306,586890,16544,,,,6822.029637800895,,,2.8189268857877967,7614,BRA,,,8507,264
Paraiba,Brazil,2021-09-15 13:32:12,-7.24,-36.782,436629,9250,,,,10866.480825518956,,,2.118503351815844,7615,BRA,,,8389,142
Parana,Brazil,2021-09-15 13:32:12,-25.2521,-52.0215,1481268,38163,,,,12954.990122841988,,,2.5763737554581616,7616,BRA,,,58948,1579
Pernambuco,Brazil,2021-09-15 13:32:12,-8.8137,-36.9541,614141,19560,,,,6426.037851973685,,,3.1849363582630046,7617,BRA,,,13065,372
Piaui,Brazil,2021-09-15 13:32:12,-7.7183,-42.7289,318066,6980,,,,9717.199570943292,,,2.194513088478492,7618,BRA,,,4381,69
Rio Grande do Norte,Brazil,2021-09-15 13:32:12,-5.4026,-36.9541,366417,7309,,,,10448.598786433306,,,1.9947218606123625,7620,BRA,,,3951,84
Rio Grande do Sul,Brazil,2021-09-15 13:32:12,-30.0346,-51.2177,1420827,34510,,,,12488.32867095435,,,2.428867131607156,7621,BRA,,,28320,703
Rio de Janeiro,Brazil,2021-09-15 13:32:12,-22.9068,-43.1729,1159801,64077,,,,6717.664807813149,,,5.524827103960076,7619,BRA,,,71613,3306
Rondonia,Brazil,2021-09-15 13:32:12,-11.5057,-63.5806,264395,6508,,,,14876.844518842578,,,2.4614686359424347,7622,BRA,,,3168,61
Roraima,Brazil,2021-09-15 13:32:12,-2.7376,-62.0751,126855,1971,,,,20941.427394632537,,,1.55374246186591,7623,BRA,,,4791,51
Santa Catarina,Brazil,2021-09-15 13:32:12,-27.2423,-50.2189,1167468,18982,,,,16294.522601366572,,,1.6259118022935104,7624,BRA,,,30742,577
Sao Paulo,Brazil,2021-09-15 13:32:12,-23.5505,-46.6333,4301525,147444,,,,9367.626494181097,,,3.4277145895932257,7625,BRA,,,122377,4309
Sergipe,Brazil,2021-09-15 13:32:12,-10.5741,-37.3857,277686,6003,,,,12080.15326950584,,,2.161794256822454,7626,BRA,,,795,52
Tocantins,Brazil,2021-09-15 13:32:12,-10.1753,-48.2982,221317,3719,,,,14070.938020149206,,,1.6803950893966573,7627,BRA,,,6139,92
Alberta,Canada,2021-09-15 13:32:12,53.9333,-116.5765,272211,2471,,,,6168.1847824658425,,,0.9077517073152812,12401,CAN,,,31458,135
British Columbia,Canada,2021-09-15 13:32:12,53.7267,-127.6476,175819,1866,,,,3440.0676043066246,,,1.0613187425704844,12402,CAN,,,18805,85
Diamond Princess,Canada,2021-09-15 13:32:12,,,0,1,,,,,,,,12413,CAN,,,0,0
Grand Princess,Canada,2021-09-15 13:32:12,,,13,0,,,,,,,0.0,12414,CAN,,,0,0
Manitoba,Canada,2021-09-15 13:32:12,53.7609,-98.8139,59420,1201,,,,4313.558380767715,,,2.0212049814877147,12403,CAN,,,1349,13
New Brunswick,Canada,2021-09-15 13:32:12,46.5653,-66.4619,3066,47,,,,393.0804507219937,,,1.532941943900848,12404,CAN,,,523,1
Newfoundland and Labrador,Canada,2021-09-15 13:32:12,53.1355,-57.6604,1541,7,,,,295.57028185628116,,,0.45425048669695006,12405,CAN,,,91,0
Northwest Territories,Canada,2021-09-15 13:32:12,64.8255,-124.8457,647,1,,,,1440.8515945127388,,,0.1545595054095827,12406,CAN,,,445,1
Nova Scotia,Canada,2021-09-15 13:32:12,44.682,-63.7443,6254,94,,,,639.8235421097808,,,1.5030380556443876,12407,CAN,,,325,1
Nunavut,Canada,2021-09-15 13:32:12,70.2998,-83.1076,659,4,,,,1699.3295513151108,,,0.6069802731411229,12416,CAN,,,2,0
Ontario,Canada,2021-09-15 13:32:12,51.2538,-85.3232,584110,9679,,,,3970.343044409101,,,1.6570508979473044,12408,CAN,,,19673,247
Prince Edward Island,Canada,2021-09-15 13:32:12,46.5107,-63.4168,252,0,,,,159.33433654952645,,,0.0,12409,CAN,,,32,0
Quebec,Canada,2021-09-15 13:32:12,52.9399,-73.5491,399058,11312,,,,4674.083362751962,,,2.834675661182084,12410,CAN,,,16739,70
Repatriated Travellers,Canada,2021-09-15 13:32:12,,,13,0,,,,,,,0.0,,,,,0,0
Saskatchewan,Canada,2021-09-15 13:32:12,52.9399,-106.4509,59673,627,,,,5049.904118422634,,,1.0507264592026544,12411,CAN,,,8174,41
Yukon,Canada,2021-09-15 13:32:12,64.2823,-135.0,709,9,,,,1725.9847120112954,,,1.2693935119887163,12412,CAN,,,49,1
Antofagasta,Chile,2021-09-15 13:32:12,-23.6509,-70.3975,60856,1240,,,,10016.887943720025,,,2.037596950177468,15201,CHL,,,590,17
Araucania,Chile,2021-09-15 13:32:12,-38.9489,-72.3311,98075,1500,,,,10245.773194153093,,,1.5294417537598777,15202,CHL,,,615,49
Arica y Parinacota,Chile,2021-09-15 13:32:12,-18.594,-69.4785,26837,528,,,,11871.20689350107,,,1.967433021574692,15203,CHL,,,299,11
Atacama,Chile,2021-09-15 13:32:12,-27.5661,-70.0503,27213,351,,,,9418.087933994133,,,1.289824716128321,15204,CHL,,,264,10
Aysen,Chile,2021-09-15 13:32:12,-45.9864,-73.7669,8191,77,,,,7940.246999747959,,,0.940056159199121,15205,CHL,,,83,4
Biobio,Chile,2021-09-15 13:32:12,-37.4464,-72.1416,150774,2659,,,,9684.83528765645,,,1.7635666626872006,15206,CHL,,,1162,65
Coquimbo,Chile,2021-09-15 13:32:12,-29.959,-71.3389,48499,1017,,,,6401.781447914826,,,2.096950452586652,15207,CHL,,,380,44
Los Lagos,Chile,2021-09-15 13:32:12,-41.9198,-72.1416,88688,1401,,,,10701.960159670234,,,1.5796951109507489,15208,CHL,,,612,25
Los Rios,Chile,2021-09-15 13:32:12,-40.231,-72.3311,49262,688,,,,12800.744211185514,,,1.3966140229791726,15209,CHL,,,260,36
Magallanes,Chile,2021-09-15 13:32:12,-52.368,-70.9863,29250,498,,,,17564.086397290626,,,1.7025641025641025,15210,CHL,,,48,5
Maule,Chile,2021-09-15 13:32:12,-35.5183,-71.6885,101380,1774,,,,9701.899612421645,,,1.7498520418228447,15211,CHL,,,817,41
Metropolitana,Chile,2021-09-15 13:32:12,-33.4376,-70.6505,687353,19081,,,,9663.595587003052,,,2.7760117436019045,15212,CHL,,,6977,357
Nuble,Chile,2021-09-15 13:32:12,-36.7226,-71.7622,35877,641,,,,7464.903903172851,,,1.7866599771441314,15213,CHL,,,256,13
OHiggins,Chile,2021-09-15 13:32:12,-34.5755,-71.0022,68493,1540,,,,7489.216066830318,,,2.2484049464908824,15214,CHL,,,642,30
Tarapaca,Chile,2021-09-15 13:32:12,-19.9232,-69.5132,41195,808,,,,12462.260783281605,,,1.96140308289841,15215,CHL,,,396,10
Unknown,Chile,2021-09-15 13:32:12,,,49,0,,,,,,,0.0,15217,CHL,,,-2,0
Valparaiso,Chile,2021-09-15 13:32:12,-33.0472,-71.6127,122840,3450,,,,6764.6822350545335,,,2.808531422989254,15216,CHL,,,1103,98
Anhui,China,2021-09-15 13:32:12,31.8257,117.2264,1008,6,,,,1.5939278937381405,,,0.5952380952380952,15601,CHN,,,0,0
Beijing,China,2021-09-15 13:32:12,40.1824,116.4142,1119,9,,,,5.194986072423399,,,0.8042895442359249,15602,CHN,,,12,0
Chongqing,China,2021-09-15 13:32:12,30.0572,107.874,603,6,,,,1.943907156673114,,,0.9950248756218906,15603,CHN,,,0,0
Fujian,China,2021-09-15 13:32:12,26.0789,117.9874,957,1,,,,2.4283176858665314,,,0.1044932079414838,15604,CHN,,,184,0
Gansu,China,2021-09-15 13:32:12,35.7518,104.2861,199,2,,,,0.7546454304133485,,,1.0050251256281406,15605,CHN,,,0,0
Guangdong,China,2021-09-15 13:32:12,23.3417,113.4244,3132,8,,,,2.7604442094130093,,,0.2554278416347382,15606,CHN,,,154,0
Guangxi,China,2021-09-15 13:32:12,23.8298,108.7881,292,2,,,,0.5927730410069022,,,0.6849315068493149,15607,CHN,,,3,0
Guizhou,China,2021-09-15 13:32:12,26.8154,106.8748,147,2,,,,0.4083333333333333,,,1.3605442176870748,15608,CHN,,,0,0
Hainan,China,2021-09-15 13:32:12,19.1959,109.7453,190,6,,,,2.034261241970021,,,3.1578947368421053,15609,CHN,,,0,0
Hebei,China,2021-09-15 13:32:12,37.8957,114.9042,1317,7,,,,1.742985706723134,,,0.5315110098709187,15610,CHN,,,0,0
Heilongjiang,China,2021-09-15 13:32:12,47.862,127.7615,1616,13,,,,4.28306387490061,,,0.8044554455445545,15611,CHN,,,3,0
Henan,China,2021-09-15 13:32:12,33.882,113.614,1537,22,,,,1.6002082248828735,,,1.431359791802212,15612,CHN,,,19,0
Hong Kong,China,2021-09-15 13:32:12,22.3,114.2,12149,213,,,,162.05174664812054,,,1.7532307185776608,344,HKG,,,109,1
Hubei,China,2021-09-15 13:32:12,30.9756,112.2707,68292,4512,,,,115.4165962480987,,,6.606923212089264,15613,CHN,,,6,0
Hunan,China,2021-09-15 13:32:12,27.6104,111.7088,1181,4,,,,1.711842295984925,,,0.3386960203217612,15614,CHN,,,0,0
Inner Mongolia,China,2021-09-15 13:32:12,44.0935,113.9448,416,1,,,,1.6416732438831887,,,0.2403846153846154,15615,CHN,,,6,0
Jiangsu,China,2021-09-15 13:32:12,32.9711,119.455,1592,0,,,,1.9773941125326049,,,0.0,15616,CHN,,,16,0
Jiangxi,China,2021-09-15 13:32:12,27.614,115.7221,937,1,,,,2.01592082616179,,,0.10672358591248668,15617,CHN,,,0,0
Jilin,China,2021-09-15 13:32:12,43.6661,126.1923,574,3,,,,2.1227810650887573,,,0.5226480836236934,15618,CHN,,,0,0
Liaoning,China,2021-09-15 13:32:12,41.2956,122.6085,449,2,,,,1.0300527643955035,,,0.44543429844098004,15619,CHN,,,8,0
Macau,China,2021-09-15 13:32:12,22.1667,113.55,63,0,,,,9.702129232361377,,,0.0,446,MAC,,,0,0
Ningxia,China,2021-09-15 13:32:12,37.2692,106.1655,77,0,,,,1.119186046511628,,,0.0,15620,CHN,,,0,0
Qinghai,China,2021-09-15 13:32:12,35.7452,95.9956,18,0,,,,0.29850746268656714,,,0.0,15621,CHN,,,0,0
Shaanxi,China,2021-09-15 13:32:12,35.1917,108.8701,671,3,,,,1.7365424430641825,,,0.44709388971684055,15622,CHN,,,3,0
Shandong,China,2021-09-15 13:32:12,36.3427,118.1498,928,7,,,,0.923658803622972,,,0.7543103448275862,15623,CHN,,,5,0
Shanghai,China,2021-09-15 13:32:12,31.202,121.4491,2550,7,,,,10.51980198019802,,,0.27450980392156865,15624,CHN,,,142,0
Shanxi,China,2021-09-15 13:32:12,37.5777,112.2922,260,0,,,,0.6993006993006993,,,0.0,15625,CHN,,,5,0
Sichuan,China,2021-09-15 13:32:12,30.6171,102.7103,1199,3,,,,1.4374775206809736,,,0.25020850708924103,15626,CHN,,,20,0
Tianjin,China,2021-09-15 13:32:12,39.3054,117.323,480,3,,,,3.0769230769230766,,,0.625,15627,CHN,,,35,0
Tibet,China,2021-09-15 13:32:12,31.6927,88.0924,1,0,,,,0.02906976744186046,,,0.0,15628,CHN,,,0,0
Unknown,China,2021-09-15 13:32:12,,,0,0,,,,,,,,15699,CHN,,,0,0
Xinjiang,China,2021-09-15 13:32:12,41.1129,85.2401,980,3,,,,3.940490550864496,,,0.30612244897959184,15629,CHN,,,0,0
Yunnan,China,2021-09-15 13:32:12,24.974,101.487,1251,2,,,,2.5900621118012417,,,0.15987210231814547,15630,CHN,,,269,0
Zhejiang,China,2021-09-15 13:32:12,29.1832,120.0934,1440,1,,,,2.5100226599267907,,,0.06944444444444445,15631,CHN,,,23,0
Amazonas,Colombia,2021-09-15 13:32:12,-1.4429,-71.5724,6814,254,,,,8896.838971653893,,,3.727619606692104,17001,COL,,,95,1
Antioquia,Colombia,2021-09-15 13:32:12,7.1986,-75.3412,740807,15955,,,,11562.278858679008,,,2.153732348641414,17002,COL,,,12044,295
Arauca,Colombia,2021-09-15 13:32:12,7.0762,-70.7105,13194,452,,,,5032.535644266784,,,3.425799605881461,17003,COL,,,208,17
Atlantico,Colombia,2021-09-15 13:32:12,10.6966,-74.8741,316518,9406,,,,12483.37124144701,,,2.9717109295521897,17004,COL,,,4773,97
Bolivar,Colombia,2021-09-15 13:32:12,8.6704,-74.03,155542,2949,,,,7513.707001077238,,,1.895950932867007,17005,COL,,,1847,38
Boyaca,Colombia,2021-09-15 13:32:12,5.4545,-73.362,105008,2540,,,,8625.76558105302,,,2.4188633246990707,17006,COL,,,795,31
Caldas,Colombia,2021-09-15 13:32:12,5.2983,-75.2479,100074,2253,,,,10024.893439051144,,,2.251334012830505,17007,COL,,,662,41
Capital District,Colombia,2021-09-15 13:32:12,4.711,-74.0721,1446549,27424,,,,19514.82118337968,,,1.8958224021446903,17008,COL,,,12262,289
Caqueta,Colombia,2021-09-15 13:32:12,0.8699,-73.8419,22771,928,,,,5671.63733003893,,,4.0753590092661724,17009,COL,,,240,27
Casanare,Colombia,2021-09-15 13:32:12,5.7589,-71.5724,35431,914,,,,8425.841371306813,,,2.5796618780164264,17010,COL,,,463,14
Cauca,Colombia,2021-09-15 13:32:12,2.705,-76.82600000000002,55473,1510,,,,3787.876718689399,,,2.72204495880879,17011,COL,,,1278,79
Cesar,Colombia,2021-09-15 13:32:12,9.3373,-73.6536,88532,2475,,,,7374.1393700013505,,,2.7955993313152305,17012,COL,,,962,34
Choco,Colombia,2021-09-15 13:32:12,5.2528,-76.82600000000002,16315,391,,,,3050.524843593991,,,2.3965675758504443,17013,COL,,,131,5
Cordoba,Colombia,2021-09-15 13:32:12,8.0493,-75.574,103514,3716,,,,5799.808716241694,,,3.5898525803272987,17014,COL,,,1333,74
Cundinamarca,Colombia,2021-09-15 13:32:12,5.026,-74.03,263018,6788,,,,9010.366350811562,,,2.5808119596377432,17015,COL,,,1816,87
Guainia,Colombia,2021-09-15 13:32:12,2.5854,-68.5247,2270,29,,,,4717.961508084965,,,1.277533039647577,17016,COL,,,15,0
Guaviare,Colombia,2021-09-15 13:32:12,1.0654,-73.2603,5127,93,,,,6194.497807097031,,,1.8139262726740784,17017,COL,,,34,2
Huila,Colombia,2021-09-15 13:32:12,2.5359,-75.5277,88024,3131,,,,7999.374764855242,,,3.556984458783968,17018,COL,,,744,59
La Guajira,Colombia,2021-09-15 13:32:12,11.3548,-72.5205,42198,1332,,,,4792.177705096758,,,3.1565477036826386,17019,COL,,,332,20
Magdalena,Colombia,2021-09-15 13:32:12,10.4113,-74.4057,92963,3300,,,,6928.509568875182,,,3.549799382550047,17020,COL,,,2350,51
Meta,Colombia,2021-09-15 13:32:12,3.272,-73.0877,87662,2223,,,,8431.292210802503,,,2.535876434487007,17021,COL,,,776,39
Narino,Colombia,2021-09-15 13:32:12,1.2892,-77.3579,89141,3000,,,,5466.78752256849,,,3.365454729024804,17022,COL,,,1014,61
Norte de Santander,Colombia,2021-09-15 13:32:12,7.9463,-72.8988,89713,4210,,,,6014.189284763781,,,4.692742411913547,17023,COL,,,1526,84
Putumayo,Colombia,2021-09-15 13:32:12,0.436,-75.5277,16168,665,,,,4643.548489008622,,,4.11306284017813,17024,COL,,,243,14
Quindio,Colombia,2021-09-15 13:32:12,4.461,-75.6674,55933,1722,,,,10359.804706021809,,,3.078683424811828,17025,COL,,,625,31
Risaralda,Colombia,2021-09-15 13:32:12,5.3158,-75.9928,87392,2214,,,,9263.505126664058,,,2.5334126693518857,17026,COL,,,688,34
San Andres y Providencia,Colombia,2021-09-15 13:32:12,12.5567,-81.7185,6832,134,,,,11148.825065274154,,,1.9613583138173305,17027,COL,,,49,1
Santander,Colombia,2021-09-15 13:32:12,6.6437,-73.6536,224780,7260,,,,10288.181681287895,,,3.229824717501557,17028,COL,,,2219,95
Sucre,Colombia,2021-09-15 13:32:12,8.814,-74.7233,58888,1616,,,,6507.946506819264,,,2.7441923651677755,17029,COL,,,538,30
Tolima,Colombia,2021-09-15 13:32:12,4.0925,-75.1545,107170,3642,,,,8056.761943997348,,,3.3983390874311836,17030,COL,,,716,73
Unknown,Colombia,2021-09-15 13:32:12,,,0,296,,,,,,,,17034,COL,,,0,0
Valle del Cauca,Colombia,2021-09-15 13:32:12,3.8009,-76.6413,404508,12823,,,,9037.495593051297,,,3.170023831419898,17031,COL,,,7994,301
Vaupes,Colombia,2021-09-15 13:32:12,0.8554,-70.812,1747,17,,,,4282.177611098855,,,0.9730967372638808,17032,COL,,,10,0
Vichada,Colombia,2021-09-15 13:32:12,4.4234,-69.2878,2922,51,,,,2710.373998219056,,,1.7453798767967146,17033,COL,,,47,1
Faroe Islands,Denmark,2021-09-15 13:32:12,61.8926,-6.9118,1041,2,,,,2130.359152767829,,,0.19212295869356388,234,FRO,,,48,0
Greenland,Denmark,2021-09-15 13:32:12,71.7069,-42.6043,409,0,,,,720.4255618967096,,,0.0,304,GRL,,,152,0
French Guiana,France,2021-09-15 13:32:12,4.0,-53.0,37210,230,,,,12458.065768944898,,,0.6181134103735555,254,GUF,,,5030,30
French Polynesia,France,2021-09-15 13:32:12,-17.6797,-149.4068,40178,581,,,,14303.107111326291,,,1.4460650107023745,258,PYF,,,7473,357
Guadeloupe,France,2021-09-15 13:32:12,16.265,-61.551,51485,695,,,,12867.16467521562,,,1.3499077401184811,312,GLP,,,16202,349
Martinique,France,2021-09-15 13:32:12,14.6415,-61.0242,39651,563,,,,10566.133265825483,,,1.419888527401579,474,MTQ,,,8166,339
Mayotte,France,2021-09-15 13:32:12,-12.8275,45.166244,20067,176,,,,7355.587893538797,,,0.8770618428265311,175,MYT,,,453,1
New Caledonia,France,2021-09-15 13:32:12,-20.904305,165.618042,1348,4,,,,472.1690000735575,,,0.2967359050445104,540,NCL,,,1214,4
Reunion,France,2021-09-15 13:32:12,-21.1151,55.5364,52643,358,,,,5879.875975641902,,,0.6800524286229888,638,REU,,,5889,48
Saint Barthelemy,France,2021-09-15 13:32:12,17.9,-62.8333,1613,2,,,,16317.653009610522,,,0.12399256044637323,652,BLM,,,81,1
Saint Pierre and Miquelon,France,2021-09-15 13:32:12,46.8852,-56.3159,31,0,,,,534.9439171699742,,,0.0,666,SPM,,,1,0
St Martin,France,2021-09-15 13:32:12,18.0708,-63.0501,3659,33,,,,9464.80767738431,,,0.9018857611369226,663,MAF,,,567,0
Wallis and Futuna,France,2021-09-15 13:32:12,-14.2938,-178.1165,454,7,,,,2969.4551638432863,,,1.5418502202643172,876,WLF,,,0,0
Baden-Wurttemberg,Germany,2021-09-15 13:32:12,48.6616,9.3501,550296,10560,,,,4971.266628863205,,,1.9189672467181296,27601,DEU,,,37596,124
Bayern,Germany,2021-09-15 13:32:12,48.7904,11.4979,701560,15489,,,,5364.953492546029,,,2.2077940589543306,27602,DEU,,,40197,106
Berlin,Germany,2021-09-15 13:32:12,52.52,13.405,199922,3609,,,,5485.090371940938,,,1.8052040295715328,27603,DEU,,,12234,22
Brandenburg,Germany,2021-09-15 13:32:12,52.4125,12.5316,113923,3832,,,,4535.301126589772,,,3.3636754650070664,27604,DEU,,,3562,13
Bremen,Germany,2021-09-15 13:32:12,53.0793,8.8017,31100,503,,,,4553.5340402292295,,,1.617363344051447,27605,DEU,,,2688,8
Hamburg,Germany,2021-09-15 13:32:12,53.5511,9.9937,89036,1666,,,,4835.814442810829,,,1.8711532413855068,27606,DEU,,,6478,30
Hessen,Germany,2021-09-15 13:32:12,50.6521,9.1624,323039,7679,,,,5155.583261475094,,,2.3771123610461893,27607,DEU,,,23438,68
Mecklenburg-Vorpommern,Germany,2021-09-15 13:32:12,53.6127,12.4296,47532,1195,,,,2952.8942177768804,,,2.514095767062189,27608,DEU,,,2224,11
Niedersachsen,Germany,2021-09-15 13:32:12,52.6367,9.8451,290869,5887,,,,3643.857122526824,,,2.0239351735661066,27609,DEU,,,21132,56
Nordrhein-Westfalen,Germany,2021-09-15 13:32:12,51.4332,7.6616,933141,17594,,,,5203.586463596486,,,1.8854599680005488,27610,DEU,,,84387,254
Rheinland-Pfalz,Germany,2021-09-15 13:32:12,50.1183,7.309,174474,3952,,,,4271.252463986385,,,2.265093939498149,27611,DEU,,,14162,34
Saarland,Germany,2021-09-15 13:32:12,49.3964,7.023,46174,1042,,,,4661.643659976839,,,2.2566812491878547,27612,DEU,,,3177,12
Sachsen,Germany,2021-09-15 13:32:12,51.1045,13.2017,293137,10187,,,,7188.365097351922,,,3.4751669014829245,27613,DEU,,,4968,36
Sachsen-Anhalt,Germany,2021-09-15 13:32:12,51.9503,11.6923,102326,3521,,,,4633.656067211244,,,3.4409631960596525,27614,DEU,,,2031,35
Schleswig-Holstein,Germany,2021-09-15 13:32:12,54.2194,9.6961,74132,1671,,,,2559.177439800712,,,2.2540873037284843,27615,DEU,,,5499,30
Thuringen,Germany,2021-09-15 13:32:12,51.011,10.8453,132510,4400,,,,6182.969421107765,,,3.32050411289714,27616,DEU,,,2824,10
Unknown,Germany,2021-09-15 13:32:12,,,3584,0,,,,,,,0.0,27617,DEU,,,-1563,0
Andaman and Nicobar Islands,India,2021-09-15 13:32:12,11.225999,92.968178,7592,129,,,,1820.466338637432,,,1.6991570073761857,35601,IND,,,43,0
Andhra Pradesh,India,2021-09-15 13:32:12,15.9129,79.74,2031974,14019,,,,3769.658804224068,,,0.6899202450425055,35602,IND,,,36305,348
Arunachal Pradesh,India,2021-09-15 13:32:12,27.768456,96.384277,53872,271,,,,3430.336882616409,,,0.503044253044253,35603,IND,,,2217,19
Assam,India,2021-09-15 13:32:12,26.357149,92.830441,596162,5767,,,,1674.2813127483025,,,0.9673545110221718,35604,IND,,,14764,254
Bihar,India,2021-09-15 13:32:12,25.679658,85.60484,725845,9658,,,,581.6069153758954,,,1.3305871088179984,35605,IND,,,327,9
Chandigarh,India,2021-09-15 13:32:12,30.733839,76.76827800000002,65162,818,,,,5624.818187389779,,,1.2553328627113962,35606,IND,,,3127,7
Chhattisgarh,India,2021-09-15 13:32:12,21.264705,82.035366,1004937,13559,,,,3413.945895451085,,,1.3492388080048798,35607,IND,,,1067,10
Dadra and Nagar Haveli and Daman and Diu,India,2021-09-15 13:32:12,20.194742,73.080901,10670,4,,,,1732.9192950088027,,,0.03748828491096532,35608,IND,,,13,0
Delhi,India,2021-09-15 13:32:12,28.646519,77.10898,1438288,25083,,,,7686.8900420834425,,,1.7439483608289856,35609,IND,,,1132,10
Goa,India,2021-09-15 13:32:12,15.359682,74.057396,175000,3219,,,,11032.308904649328,,,1.8394285714285716,35610,IND,,,2317,42
Gujarat,India,2021-09-15 13:32:12,22.694884,71.590923,825640,10082,,,,1292.6397206405227,,,1.2211133181531904,35611,IND,,,427,4
Haryana,India,2021-09-15 13:32:12,29.20004,76.332824,770676,9807,,,,2732.438985683659,,,1.2725191909440543,35612,IND,,,431,146
Himachal Pradesh,India,2021-09-15 13:32:12,31.927213,77.233081,216088,3642,,,,2899.749126236001,,,1.6854244567028247,35613,IND,,,5369,85
Jammu and Kashmir,India,2021-09-15 13:32:12,33.75943,76.612638,327140,4414,,,,2404.323873023713,,,1.3492694259338507,35614,IND,,,3558,15
Jharkhand,India,2021-09-15 13:32:12,23.654536,85.557631,348086,5133,,,,901.9186116952844,,,1.4746355785639182,35615,IND,,,451,1
Karnataka,India,2021-09-15 13:32:12,14.70518,76.166436,2962967,37529,,,,4385.508000673626,,,1.266602024254742,35616,IND,,,31140,490
Kerala,India,2021-09-15 13:32:12,10.450898,76.405749,4406365,22779,,,,12342.951681346964,,,0.5169567205621868,35617,IND,,,682335,3909
Ladakh,India,2021-09-15 13:32:12,34.1526,77.5771,20616,207,,,,7516.159962667114,,,1.0040745052386495,35618,IND,,,150,0
Lakshadweep,India,2021-09-15 13:32:12,13.6999972,72.18333259999999,10353,51,,,,16068.850983252883,,,0.4926108374384237,35637,IND,,,58,0
Madhya Pradesh,India,2021-09-15 13:32:12,23.541513,78.289633,792360,10517,,,,928.2680501104953,,,1.3273007218940889,35619,IND,,,306,2
Maharashtra,India,2021-09-15 13:32:12,19.449759,76.108221,6504147,138221,,,,5281.731324091427,,,2.1251210958177915,35620,IND,,,102934,2966
Manipur,India,2021-09-15 13:32:12,24.738975,93.882541,117461,1815,,,,3799.42714726779,,,1.5451937238743072,35621,IND,,,8513,93
Meghalaya,India,2021-09-15 13:32:12,25.536934,91.278882,78486,1361,,,,2331.237320707753,,,1.7340672221797515,35622,IND,,,6074,121
Mizoram,India,2021-09-15 13:32:12,23.309381,92.83822,74068,246,,,,5976.869768988188,,,0.3321272344332235,35623,IND,,,24118,61
Nagaland,India,2021-09-15 13:32:12,26.06702,94.470302,30694,646,,,,1364.3627247249071,,,2.104645859125562,35624,IND,,,1420,39
Odisha,India,2021-09-15 13:32:12,20.505428,84.418059,1017261,8108,,,,2194.437981226039,,,0.7970422536595819,35625,IND,,,21108,1087
Puducherry,India,2021-09-15 13:32:12,11.882658,78.86498,124939,1823,,,,8838.718623146677,,,1.4591120466787793,35626,IND,,,2548,18
Punjab,India,2021-09-15 13:32:12,30.841465000000003,75.40879,601109,16464,,,,1994.2986671509625,,,2.7389375304645247,35627,IND,,,1101,119
Rajasthan,India,2021-09-15 13:32:12,26.583423,73.847973,954209,8954,,,,1177.5605768185726,,,0.93836884791487,35628,IND,,,249,0
Sikkim,India,2021-09-15 13:32:12,27.571671,88.472712,30696,378,,,,4447.077947007682,,,1.2314308053166536,35629,IND,,,1866,15
Tamil Nadu,India,2021-09-15 13:32:12,11.006091,78.400624,2637010,35217,,,,3387.6761024457637,,,1.3354898161174966,35630,IND,,,44574,638
Telangana,India,2021-09-15 13:32:12,18.1124,79.0193,662202,3898,,,,1682.3070106007885,,,0.5886421363873863,35631,IND,,,9000,51
Tripura,India,2021-09-15 13:32:12,23.746783,91.743565,83715,806,,,,2007.6531358623472,,,0.9627904198769636,35632,IND,,,2131,24
Unknown,India,2021-09-15 13:32:12,,,0,0,,,,,,,,35636,IND,,,0,0
Uttar Pradesh,India,2021-09-15 13:32:12,26.925425,80.560982,1709587,22884,,,,718.6679907084468,,,1.3385689058234531,35633,IND,,,596,98
Uttarakhand,India,2021-09-15 13:32:12,30.156447,79.197608,343261,7389,,,,3050.976201103952,,,2.152589429035049,35634,IND,,,624,16
West Bengal,India,2021-09-15 13:32:12,23.814082,87.979803,1558117,18599,,,,1564.228393406186,,,1.1936844280628476,35635,IND,,,18505,281
Abruzzo,Italy,2021-09-15 13:32:12,42.35122196,13.39843823,80284,2535,,,,6121.166836944753,,,3.157540730407055,38013,ITA,,,2635,16
Basilicata,Italy,2021-09-15 13:32:12,40.63947052,15.80514834,29552,607,,,,5250.244728347093,,,2.0540064970221983,38017,ITA,,,1398,12
Calabria,Italy,2021-09-15 13:32:12,38.90597598,16.59440194,81192,1357,,,,4169.827299755384,,,1.6713469307320918,38018,ITA,,,7192,78
Campania,Italy,2021-09-15 13:32:12,40.83956555,14.25084984,451125,7841,,,,7775.748867744101,,,1.7380991964533112,38015,ITA,,,12361,185
Emilia-Romagna,Italy,2021-09-15 13:32:12,44.49436681,11.3417208,418565,13411,,,,9385.966112169655,,,3.204042382903492,38008,ITA,,,14487,102
Friuli Venezia Giulia,Italy,2021-09-15 13:32:12,45.6494354,13.76813649,112472,3809,,,,9255.278879544445,,,3.3866206700334307,38006,ITA,,,3067,14
Lazio,Italy,2021-09-15 13:32:12,41.89277044,12.48366722,379617,8579,,,,6457.079523639914,,,2.2599093296664803,38012,ITA,,,11627,130
Liguria,Italy,2021-09-15 13:32:12,44.41149315,8.9326992,111468,4392,,,,7188.515709642471,,,3.940144256647648,38007,ITA,,,3820,20
Lombardia,Italy,2021-09-15 13:32:12,45.46679409,9.190347404,876965,33962,,,,8716.848561523428,,,3.872674508104657,38003,ITA,,,14551,100
Marche,Italy,2021-09-15 13:32:12,43.61675973,13.5188753,112470,3058,,,,7373.771611733259,,,2.7189472748288432,38011,ITA,,,4296,15
Molise,Italy,2021-09-15 13:32:12,41.55774754,14.65916051,14413,495,,,,4716.033466724692,,,3.434399500450982,38014,ITA,,,331,3
P.A. Bolzano,Italy,2021-09-15 13:32:12,46.49933453,11.35662422,76016,1189,,,,14280.185903914575,,,1.564144390654599,38041,ITA,,,1714,5
P.A. Trento,Italy,2021-09-15 13:32:12,46.06893511,11.12123097,47926,1368,,,,8851.940644751376,,,2.854400534156825,38042,ITA,,,969,5
Piemonte,Italy,2021-09-15 13:32:12,45.0732745,7.680687483,375610,11738,,,,8622.01548707811,,,3.1250499187987537,38001,ITA,,,6263,33
Puglia,Italy,2021-09-15 13:32:12,41.12559576,16.86736689,266269,6754,,,,6608.7241840700535,,,2.536532604246082,38016,ITA,,,6319,70
Sardegna,Italy,2021-09-15 13:32:12,39.21531192,9.110616306,74324,1614,,,,4533.08172586944,,,2.1715731123190354,38020,ITA,,,6813,73
Sicilia,Italy,2021-09-15 13:32:12,38.11569725,13.362356699999998,290013,6609,,,,5800.386448424576,,,2.2788633612975966,38019,ITA,,,32432,461
Toscana,Italy,2021-09-15 13:32:12,43.76923077,11.25588885,277279,7069,,,,7434.468893923035,,,2.5494177344840394,38009,ITA,,,14380,111
Umbria,Italy,2021-09-15 13:32:12,43.10675841,12.38824698,62908,1439,,,,7132.305006150688,,,2.287467412729701,38010,ITA,,,2650,13
Valle d'Aosta,Italy,2021-09-15 13:32:12,45.73750286,7.320149366,12064,473,,,,9600.05092865214,,,3.9207559681697615,38002,ITA,,,135,0
Veneto,Italy,2021-09-15 13:32:12,45.43490485,12.33845213,462682,11728,,,,9431.222372292368,,,2.5347863111164903,38005,ITA,,,16168,71
Aichi,Japan,2021-09-15 13:32:12,35.035551,137.211621,101772,1082,,,,1347.573878422015,,,1.06316079078725,39201,JPN,,,39130,63
Akita,Japan,2021-09-15 13:32:12,39.748679,140.408228,1796,26,,,,185.82706494635227,,,1.447661469933185,39202,JPN,,,569,5
Aomori,Japan,2021-09-15 13:32:12,40.781541,140.828896,5272,33,,,,422.98801881622734,,,0.625948406676783,39203,JPN,,,1970,1
Chiba,Japan,2021-09-15 13:32:12,35.510141,140.198917,97348,956,,,,1555.2334080265432,,,0.982043801618934,39204,JPN,,,30147,185
Ehime,Japan,2021-09-15 13:32:12,33.624835,132.856842,4988,81,,,,372.45699906288394,,,1.6238973536487566,39205,JPN,,,1227,4
Fukui,Japan,2021-09-15 13:32:12,35.846614,136.22465400000002,2886,36,,,,375.81207833455085,,,1.2474012474012477,39206,JPN,,,812,0
Fukuoka,Japan,2021-09-15 13:32:12,33.526032,130.666949,72471,594,,,,1419.9756685324448,,,0.8196382001076292,39207,JPN,,,20970,38
Fukushima,Japan,2021-09-15 13:32:12,37.378867,140.223295,9311,173,,,,504.5193249161889,,,1.8580173987756416,39208,JPN,,,1826,9
Gifu,Japan,2021-09-15 13:32:12,35.778671,137.055925,17745,207,,,,893.2405175308203,,,1.1665257819103974,39209,JPN,,,6527,16
Gunma,Japan,2021-09-15 13:32:12,36.504479,138.985605,16240,167,,,,836.054973703394,,,1.0283251231527093,39210,JPN,,,4856,10
Hiroshima,Japan,2021-09-15 13:32:12,34.605309000000005,132.788719,20968,189,,,,747.7416725121132,,,0.9013735215566576,39211,JPN,,,6717,9
Hokkaido,Japan,2021-09-15 13:32:12,43.385711,142.552318,59388,1464,,,,1131.1894422318726,,,2.4651444736310366,39212,JPN,,,8965,30
Hyogo,Japan,2021-09-15 13:32:12,35.039913,134.828057,74876,1371,,,,1369.8023669137006,,,1.8310272984667983,39213,JPN,,,22207,45
Ibaraki,Japan,2021-09-15 13:32:12,36.303588,140.319591,23286,206,,,,814.1084156351046,,,0.8846517220647601,39214,JPN,,,6506,29
Ishikawa,Japan,2021-09-15 13:32:12,36.769464,136.771027,7686,124,,,,675.6038110172823,,,1.6133229247983347,39215,JPN,,,1276,3
Iwate,Japan,2021-09-15 13:32:12,39.593287,141.361777,3426,50,,,,279.25948145443164,,,1.4594279042615297,39216,JPN,,,911,2
Kagawa,Japan,2021-09-15 13:32:12,34.217292,133.969047,4594,34,,,,480.36957296880735,,,0.7400957771005658,39217,JPN,,,1459,0
Kagoshima,Japan,2021-09-15 13:32:12,31.009484000000004,130.430665,8930,61,,,,557.3332384681014,,,0.6830907054871221,39218,JPN,,,3210,16
Kanagawa,Japan,2021-09-15 13:32:12,35.415312,139.338983,163726,1206,,,,1779.9655326415802,,,0.7365965088012899,39219,JPN,,,47982,159
Kochi,Japan,2021-09-15 13:32:12,33.422519,133.367307,4018,31,,,,575.620783663716,,,0.7715281234444997,39220,JPN,,,1628,0
Kumamoto,Japan,2021-09-15 13:32:12,32.608154,130.74523100000002,13927,132,,,,796.9365409166,,,0.94779923888849,39221,JPN,,,4538,10
Kyoto,Japan,2021-09-15 13:32:12,35.253815,135.443341,34531,258,,,,1336.8786239956762,,,0.7471547305319858,39222,JPN,,,11013,9
Mie,Japan,2021-09-15 13:32:12,34.508018,136.376013,14287,151,,,,802.2429335576418,,,1.0569048785609294,39223,JPN,,,6838,32
Miyagi,Japan,2021-09-15 13:32:12,38.446859,140.927086,15909,108,,,,689.7867423413034,,,0.6788610220629833,39224,JPN,,,3921,15
Miyazaki,Japan,2021-09-15 13:32:12,32.193203999999994,131.299374,5998,38,,,,558.8367102984158,,,0.6335445148382794,39225,JPN,,,2055,11
Nagano,Japan,2021-09-15 13:32:12,36.132134,138.045528,8477,95,,,,413.7564123214189,,,1.1206794856670992,39226,JPN,,,2059,1
Nagasaki,Japan,2021-09-15 13:32:12,33.235712,129.608033,5836,71,,,,439.9468083502447,,,1.2165867032213844,39227,JPN,,,1539,2
Nara,Japan,2021-09-15 13:32:12,34.317451,135.871644,14920,145,,,,1121.700775041105,,,0.9718498659517426,39228,JPN,,,4313,10
Niigata,Japan,2021-09-15 13:32:12,37.521819,138.918647,7480,58,,,,336.4661873972721,,,0.7754010695187166,39229,JPN,,,2146,4
Oita,Japan,2021-09-15 13:32:12,33.200697,131.43323999999998,7849,75,,,,691.2775203138182,,,0.9555357370365652,39230,JPN,,,3148,11
Okayama,Japan,2021-09-15 13:32:12,34.89246,133.826252,14843,135,,,,785.5159807492223,,,0.9095196388870176,39231,JPN,,,4512,7
Okinawa,Japan,2021-09-15 13:32:12,25.768923,126.668016,48111,277,,,,3310.766545918985,,,0.5757519070482842,39232,JPN,,,13842,26
Osaka,Japan,2021-09-15 13:32:12,34.620965000000005,135.507481,193066,2883,,,,2191.6000055849668,,,1.4932717309106731,39233,JPN,,,56632,132
Port Quarantine,Japan,2021-09-15 13:32:12,,,4082,4,,,,,,,0.09799118079372857,39248,JPN,,,358,0
Saga,Japan,2021-09-15 13:32:12,33.286977,130.115738,5649,29,,,,693.3747058772988,,,0.5133651973800673,39234,JPN,,,1949,2
Saitama,Japan,2021-09-15 13:32:12,35.997101,139.347635,111969,961,,,,1523.4513876974179,,,0.8582732720663755,39235,JPN,,,31989,92
Shiga,Japan,2021-09-15 13:32:12,35.21582700000001,136.138064,11893,98,,,,841.1230155671058,,,0.8240141259564449,39236,JPN,,,3934,3
Shimane,Japan,2021-09-15 13:32:12,35.07076,132.55406399999998,1537,2,,,,227.92453725535557,,,0.13012361743656473,39237,JPN,,,526,0
Shizuoka,Japan,2021-09-15 13:32:12,34.916975,138.40778400000002,25886,196,,,,710.4652413814304,,,0.7571660356949702,39238,JPN,,,10689,37
Tochigi,Japan,2021-09-15 13:32:12,36.689912,139.819213,14720,107,,,,761.1207917310844,,,0.7269021739130435,39239,JPN,,,4053,10
Tokushima,Japan,2021-09-15 13:32:12,33.919178,134.242091,3148,64,,,,432.43124439371024,,,2.0330368487928845,39240,JPN,,,1132,1
Tokyo,Japan,2021-09-15 13:32:12,35.711343,139.446921,369018,2695,,,,2650.8651204328416,,,0.7303166783192148,39241,JPN,,,81427,344
Tottori,Japan,2021-09-15 13:32:12,35.359069,133.863619,1618,5,,,,291.23871854963835,,,0.3090234857849197,39242,JPN,,,452,2
Toyama,Japan,2021-09-15 13:32:12,36.637464,137.26934599999998,4721,48,,,,452.41887413728006,,,1.016733742851091,39243,JPN,,,1576,8
Unknown,Japan,2021-09-15 13:32:12,,,8,0,,,,,,,0.0,39249,JPN,,,0,0
Wakayama,Japan,2021-09-15 13:32:12,33.911879,135.505446,5089,59,,,,550.2020146324112,,,1.1593633326783257,39244,JPN,,,1492,9
Yamagata,Japan,2021-09-15 13:32:12,38.448396,140.102154,3474,55,,,,322.3633296401668,,,1.583189407023604,39245,JPN,,,775,6
Yamaguchi,Japan,2021-09-15 13:32:12,34.201190000000004,131.573293,5448,88,,,,401.0789672069355,,,1.6152716593245229,39246,JPN,,,1539,8
Yamanashi,Japan,2021-09-15 13:32:12,35.612364,138.61148899999998,4953,29,,,,610.7606331292943,,,0.5855037351100343,39247,JPN,,,1516,6
Aguascalientes,Mexico,2021-09-15 13:32:12,21.8853,-102.2916,32455,2666,,,,2262.2478888358364,,,8.214450778000309,48401,MEX,,,2978,127
Baja California,Mexico,2021-09-15 13:32:12,30.8406,-115.2838,58464,9198,,,,1608.421543780957,,,15.732758620689655,48402,MEX,,,3752,207
Baja California Sur,Mexico,2021-09-15 13:32:12,26.0444,-111.6661,54514,2249,,,,6774.382757472275,,,4.1255457313717585,48403,MEX,,,2463,114
Campeche,Mexico,2021-09-15 13:32:12,19.8301,-90.5349,21631,1823,,,,2161.766190260609,,,8.427719476676991,48404,MEX,,,4496,244
Chiapas,Mexico,2021-09-15 13:32:12,16.7569,-93.1292,21131,2119,,,,368.7547411884789,,,10.027921063839855,48405,MEX,,,3304,218
Chihuahua,Mexico,2021-09-15 13:32:12,28.633000000000006,-106.0691,64088,7835,,,,1685.8666095662038,,,12.225377605792037,48406,MEX,,,2210,106
Ciudad de Mexico,Mexico,2021-09-15 13:32:12,19.4326,-99.1332,924237,38327,,,,10248.069416192788,,,4.146880075132244,48407,MEX,,,71416,1507
Coahuila,Mexico,2021-09-15 13:32:12,27.0587,-101.7068,85958,6971,,,,2670.5646965253272,,,8.109774541054932,48408,MEX,,,8270,286
Colima,Mexico,2021-09-15 13:32:12,19.1223,-104.0072,29346,1786,,,,3737.615471124736,,,6.086008314591425,48409,MEX,,,7511,368
Durango,Mexico,2021-09-15 13:32:12,24.5593,-104.6588,46010,2877,,,,2461.7495168528985,,,6.252988480765051,48410,MEX,,,4628,249
Guanajuato,Mexico,2021-09-15 13:32:12,21.019,-101.2574,163811,11734,,,,2630.1605205377177,,,7.1631331229282535,48411,MEX,,,17192,400
Guerrero,Mexico,2021-09-15 13:32:12,17.4392,-99.5451,72644,5842,,,,1986.4108975326544,,,8.041958041958042,48412,MEX,,,10752,629
Hidalgo,Mexico,2021-09-15 13:32:12,20.0911,-98.7624,58026,7234,,,,1880.0459044055656,,,12.466825216282356,48413,MEX,,,7882,533
Jalisco,Mexico,2021-09-15 13:32:12,20.6595,-103.3494,145862,15435,,,,1734.4509484472262,,,10.58191989688884,48414,MEX,,,24166,1451
Mexico,Mexico,2021-09-15 13:32:12,19.4969,-99.7233,350144,41776,,,,2009.1130315432995,,,11.931091208188635,48415,MEX,,,30998,2171
Michoacan,Mexico,2021-09-15 13:32:12,19.5665,-101.7068,68311,7242,,,,1415.6543673779654,,,10.601513665441876,48416,MEX,,,8267,765
Morelos,Mexico,2021-09-15 13:32:12,18.6813,-99.1013,45329,4312,,,,2217.598522155438,,,9.512674005603477,48417,MEX,,,5154,559
Nayarit,Mexico,2021-09-15 13:32:12,21.7514,-104.8455,31391,2566,,,,2436.1094576860723,,,8.174317479532348,48418,MEX,,,5730,302
Nuevo Leon,Mexico,2021-09-15 13:32:12,25.5922,-99.9962,189642,11883,,,,3380.335616515272,,,6.266017021545861,48419,MEX,,,27619,1162
Oaxaca,Mexico,2021-09-15 13:32:12,17.0732,-96.7266,72601,4946,,,,1752.1267170786318,,,6.812578339141334,48420,MEX,,,11320,589
Puebla,Mexico,2021-09-15 13:32:12,19.0414,-98.2063,113652,13905,,,,1720.8394762865225,,,12.234716503009185,48421,MEX,,,14686,1087
Queretaro,Mexico,2021-09-15 13:32:12,20.5888,-100.3899,89902,5095,,,,3943.698053681354,,,5.66728215167627,48422,MEX,,,10827,336
Quintana Roo,Mexico,2021-09-15 13:32:12,19.1817,-88.4791,56502,3879,,,,3278.7874602714974,,,6.865243708187322,48423,MEX,,,6395,348
San Luis Potosi,Mexico,2021-09-15 13:32:12,22.1565,-100.9855,95549,6177,,,,3333.714798499167,,,6.464745837214414,48424,MEX,,,14231,511
Sinaloa,Mexico,2021-09-15 13:32:12,25.1721,-107.4795,70110,8292,,,,2221.008567878723,,,11.827128797603764,48425,MEX,,,5893,779
Sonora,Mexico,2021-09-15 13:32:12,29.2972,-110.3309,104884,7832,,,,3411.1446640290496,,,7.46729720453072,48426,MEX,,,9470,541
Tabasco,Mexico,2021-09-15 13:32:12,17.8409,-92.6189,125338,4986,,,,4872.628909604566,,,3.9780433707255582,48427,MEX,,,24544,391
Tamaulipas,Mexico,2021-09-15 13:32:12,24.2669,-98.8363,92249,6127,,,,2526.95308883302,,,6.641806415245694,48428,MEX,,,12151,439
Tlaxcala,Mexico,2021-09-15 13:32:12,19.3139,-98.2404,27180,2779,,,,1969.5495180835517,,,10.224429727740986,48429,MEX,,,3926,128
Unknown,Mexico,2021-09-15 13:32:12,,,0,0,,,,,,,,48433,MEX,,,0,0
Veracruz,Mexico,2021-09-15 13:32:12,19.1738,-96.1342,112481,12916,,,,1317.1290121549973,,,11.482828210986742,48430,MEX,,,19630,1425
Yucatan,Mexico,2021-09-15 13:32:12,20.7099,-89.0943,65883,5037,,,,2916.3409466964254,,,7.645371340102908,48431,MEX,,,7562,303
Zacatecas,Mexico,2021-09-15 13:32:12,22.7709,-102.5832,39647,3170,,,,2379.163551216796,,,7.995560824274219,48432,MEX,,,3368,165
Aruba,Netherlands,2021-09-15 13:32:12,12.5211,-69.9683,15129,156,,,,14170.241462637918,,,1.0311322625421375,533,ABW,,,1618,35
"Bonaire, Sint Eustatius and Saba",Netherlands,2021-09-15 13:32:12,12.1784,-68.2385,1945,17,,,,7417.718622478166,,,0.8740359897172236,535,BES,,,189,0
Curacao,Netherlands,2021-09-15 13:32:12,12.1696,-68.99,15814,155,,,,9636.806825106642,,,0.9801441760465409,531,CUW,,,1128,20
Drenthe,Netherlands,2021-09-15 13:32:12,52.862485,6.618435000000002,39058,354,,,,7911.570606179686,,,0.9063444108761328,52801,NLD,,,1580,1
Flevoland,Netherlands,2021-09-15 13:32:12,52.550383,5.515162,43821,251,,,,10359.060188501278,,,0.5727847379110472,52802,NLD,,,2409,2
Friesland,Netherlands,2021-09-15 13:32:12,53.087337,5.7925,52576,488,,,,8089.150513033939,,,0.9281801582471091,52803,NLD,,,3255,2
Gelderland,Netherlands,2021-09-15 13:32:12,52.061738,5.939114,217788,2081,,,,10440.700457153376,,,0.9555163737212335,52804,NLD,,,6852,26
Groningen,Netherlands,2021-09-15 13:32:12,53.217922,6.741514,50248,268,,,,8576.705253419725,,,0.5333545613755771,52805,NLD,,,1846,1
Limburg,Netherlands,2021-09-15 13:32:12,51.209227,5.93387,130120,1685,,,,11646.964154167425,,,1.2949584998462955,52806,NLD,,,3482,17
Noord-Brabant,Netherlands,2021-09-15 13:32:12,51.561174,5.184942,310860,3165,,,,12128.968319771511,,,1.0181432155954449,52807,NLD,,,6936,16
Noord-Holland,Netherlands,2021-09-15 13:32:12,52.60090600000001,4.918688,340694,2715,,,,11831.595953085349,,,0.7969027925352369,52808,NLD,,,13197,49
Overijssel,Netherlands,2021-09-15 13:32:12,52.444558,6.441722,128023,1157,,,,11013.621746618652,,,0.9037438585254212,52809,NLD,,,4782,9
Sint Maarten,Netherlands,2021-09-15 13:32:12,18.0425,-63.0548,4021,58,,,,9376.894734387388,,,1.4424272569012684,534,SXM,,,794,17
Unknown,Netherlands,2021-09-15 13:32:12,,,6076,15,,,,,,,0.2468729427254773,52813,NLD,,,617,0
Utrecht,Netherlands,2021-09-15 13:32:12,52.084251,5.163824,152185,1300,,,,11232.741428101155,,,0.8542234780037454,52810,NLD,,,5127,10
Zeeland,Netherlands,2021-09-15 13:32:12,51.47936,3.861559,33806,254,,,,8815.399699599466,,,0.7513459149263444,52811,NLD,,,1006,3
Zuid-Holland,Netherlands,2021-09-15 13:32:12,51.937835,4.462114,469407,4350,,,,12656.928472972713,,,0.9267011356882194,52812,NLD,,,17139,27
Cook Islands,New Zealand,2021-09-15 13:32:12,-21.2367,-159.7777,1,0,,,,5.7277049086431076,,,0.0,184,COK,,,0,0
Azad Jammu and Kashmir,Pakistan,2021-09-15 13:32:12,34.027401,73.947253,33490,727,,,,827.8608165491082,,,2.1707972529113166,58601,PAK,,,3700,55
Balochistan,Pakistan,2021-09-15 13:32:12,28.328492,65.898403,32658,344,,,,264.5570366760399,,,1.053340682221814,58602,PAK,,,972,9
Gilgit-Baltistan,Pakistan,2021-09-15 13:32:12,35.792146,74.982138,10198,182,,,,1006.13269349161,,,1.7846636595410863,58603,PAK,,,716,14
Islamabad,Pakistan,2021-09-15 13:32:12,33.665087,73.121219,103293,892,,,,5147.73454428747,,,0.8635628745413533,58604,PAK,,,8579,55
Khyber Pakhtunkhwa,Pakistan,2021-09-15 13:32:12,34.485332,72.09169,169429,5310,,,,555.0795814787299,,,3.1340561533149582,58605,PAK,,,15593,614
Punjab,Pakistan,2021-09-15 13:32:12,30.811346,72.13913199999998,416901,12291,,,,378.95804549089087,,,2.948181942475552,58606,PAK,,,41985,857
Sindh,Pakistan,2021-09-15 13:32:12,26.009446,68.77680699999999,446840,7192,,,,933.131863389612,,,1.6095246620714352,58607,PAK,,,31990,695
Amazonas,Peru,2021-09-15 13:32:12,-5.077253,-78.050172,31327,1246,,,,7339.971883786317,,,3.9773996871708115,60401,PER,,,323,18
Ancash,Peru,2021-09-15 13:32:12,-9.407125,-77.67179499999997,76285,6622,,,,6461.544977130274,,,8.680605623648162,60402,PER,,,875,55
Apurimac,Peru,2021-09-15 13:32:12,-14.027713,-72.975378,25930,1488,,,,6020.431855119573,,,5.738526802930968,60403,PER,,,251,14
Arequipa,Peru,2021-09-15 13:32:12,-15.843524,-72.475539,114024,9620,,,,7614.798984907173,,,8.436820318529433,60404,PER,,,1680,84
Ayacucho,Peru,2021-09-15 13:32:12,-14.091648,-74.08344,33343,2085,,,,4989.973061957498,,,6.2531865758929905,60405,PER,,,892,17
Cajamarca,Peru,2021-09-15 13:32:12,-6.430284,-78.74559599999998,65255,4092,,,,4488.890417555204,,,6.270783847980997,60406,PER,,,822,41
Callao,Peru,2021-09-15 13:32:12,-11.954609,-77.136042,99952,9915,,,,8846.092574564122,,,9.919761485513048,60407,PER,,,988,52
Cusco,Peru,2021-09-15 13:32:12,-13.191068,-72.153609,72661,4722,,,,5354.137499078918,,,6.498671914782347,60408,PER,,,1261,66
Huancavelica,Peru,2021-09-15 13:32:12,-13.023888,-75.00277,16023,1147,,,,4386.257870243636,,,7.158459714160893,60409,PER,,,202,13
Huanuco,Peru,2021-09-15 13:32:12,-9.421676,-76.040642,35375,2679,,,,4652.768643956333,,,7.573144876325087,60410,PER,,,404,16
Ica,Peru,2021-09-15 13:32:12,-14.235097,-75.574821,58104,8307,,,,5958.162428219854,,,14.296778190830235,60411,PER,,,841,81
Junin,Peru,2021-09-15 13:32:12,-11.541783,-74.876968,84730,6958,,,,6223.283143591627,,,8.211967425941225,60412,PER,,,1772,55
La Libertad,Peru,2021-09-15 13:32:12,-7.92139,-78.370238,87279,10128,,,,4327.598175327251,,,11.604165950572302,60413,PER,,,1102,60
Lambayeque,Peru,2021-09-15 13:32:12,-6.353049,-79.824113,60905,8573,,,,4646.399145559964,,,14.076020031196125,60414,PER,,,609,41
Lima,Peru,2021-09-15 13:32:12,-11.766533,-76.60449799999998,941840,88177,,,,8861.457402267488,,,9.362205894844132,60415,PER,,,10389,432
Loreto,Peru,2021-09-15 13:32:12,-4.124847,-74.424115,44865,4167,,,,4365.998442973921,,,9.287863590772316,60416,PER,,,251,17
Madre de Dios,Peru,2021-09-15 13:32:12,-11.972699,-70.53171999999998,13809,765,,,,7945.339470655927,,,5.5398653052357165,60417,PER,,,82,8
Moquegua,Peru,2021-09-15 13:32:12,-16.860271,-70.839046,29429,1505,,,,15271.925272444214,,,5.114003194128241,60418,PER,,,486,23
Pasco,Peru,2021-09-15 13:32:12,-10.39655,-75.307635,15676,1038,,,,5765.354909893344,,,6.621587139576423,60419,PER,,,284,14
Piura,Peru,2021-09-15 13:32:12,-5.133361,-80.335861,86512,11888,,,,4224.21875,,,13.741446273349366,60420,PER,,,1341,89
Puno,Peru,2021-09-15 13:32:12,-14.995826999999998,-69.922726,39244,4077,,,,3169.9515347334413,,,10.388849250840893,60421,PER,,,1338,97
San Martin,Peru,2021-09-15 13:32:12,-7.039531,-76.729127,48296,2978,,,,5368.608270342374,,,6.16614212357131,60422,PER,,,390,31
Tacna,Peru,2021-09-15 13:32:12,-17.644160999999997,-70.27756,29623,1943,,,,7984.636118598382,,,6.559092596968572,60423,PER,,,240,11
Tumbes,Peru,2021-09-15 13:32:12,-3.857496,-80.54525500000003,18566,1557,,,,7382.10735586481,,,8.386297533125068,60424,PER,,,351,13
Ucayali,Peru,2021-09-15 13:32:12,-9.621718,-73.444929,32033,3087,,,,5437.616703445934,,,9.636936908812787,60425,PER,,,100,23
Unknown,Peru,2021-09-15 13:32:12,,,1208,76,,,,,,,6.291390728476821,60426,PER,,,-807,-70
Adygea Republic,Russia,2021-09-15 13:32:12,44.6939006,40.1520421,18885,383,,,,4165.4167843026535,,,2.0280646015356103,64301,RUS,,,1565,72
Altai Krai,Russia,2021-09-15 13:32:12,52.6932243,82.69314240000001,74011,3887,,,,3149.297045206972,,,5.251922011592871,64302,RUS,,,7005,580
Altai Republic,Russia,2021-09-15 13:32:12,50.7114101,86.8572186,21108,336,,,,9679.771442197896,,,1.5918135304150085,64303,RUS,,,899,41
Amur Oblast,Russia,2021-09-15 13:32:12,52.8032368,128.437295,33707,424,,,,4221.691732713445,,,1.257898952739787,64304,RUS,,,3526,52
Arkhangelsk Oblast,Russia,2021-09-15 13:32:12,63.5589686,43.1221646,85368,1161,,,,7390.989655662028,,,1.3599943772842282,64305,RUS,,,7265,67
Astrakhan Oblast,Russia,2021-09-15 13:32:12,47.1878186,47.608851,56512,1573,,,,5553.92849631553,,,2.7834796149490373,64306,RUS,,,7997,286
Bashkortostan Republic,Russia,2021-09-15 13:32:12,54.8573563,57.1439682,61614,1342,,,,1516.3563149396314,,,2.1780764112052458,64307,RUS,,,8423,397
Belgorod Oblast,Russia,2021-09-15 13:32:12,50.7080119,37.5837615,51311,1072,,,,3310.651948930108,,,2.0892206349515696,64308,RUS,,,4062,104
Bryansk Oblast,Russia,2021-09-15 13:32:12,52.8873315,33.41585300000001,62899,1286,,,,5194.049127072079,,,2.0445476080700806,64309,RUS,,,4701,319
Buryatia Republic,Russia,2021-09-15 13:32:12,52.7182426,109.492143,57565,1807,,,,5847.065192770828,,,3.139060192825501,64310,RUS,,,2560,45
Chechen Republic,Russia,2021-09-15 13:32:12,43.39761470000001,45.6985005,21656,554,,,,1507.048457843214,,,2.5581824898411525,64311,RUS,,,3269,141
Chelyabinsk Oblast,Russia,2021-09-15 13:32:12,54.4223954,61.1865846,90499,3057,,,,2590.840747132294,,,3.3779378777666054,64312,RUS,,,10489,573
Chukotka Autonomous Okrug,Russia,2021-09-15 13:32:12,66.0006475,169.4900869,1650,14,,,,3343.6005511874846,,,0.8484848484848485,64313,RUS,,,294,3
Chuvashia Republic,Russia,2021-09-15 13:32:12,55.4259922,47.0849429,32797,2160,,,,2664.003502510322,,,6.585968228801415,64314,RUS,,,2132,279
Dagestan Republic,Russia,2021-09-15 13:32:12,43.05749160000001,47.1332224,50103,2386,,,,1635.2767809496765,,,4.7621898888290115,64315,RUS,,,4866,365
Ingushetia Republic,Russia,2021-09-15 13:32:12,43.11542075,45.01713552,20577,300,,,,4216.226848863726,,,1.4579384749963549,64316,RUS,,,1858,38
Irkutsk Oblast,Russia,2021-09-15 13:32:12,56.6370122,104.719221,103455,4632,,,,4303.103533615202,,,4.477308974916631,64317,RUS,,,10887,414
Ivanovo Oblast,Russia,2021-09-15 13:32:12,56.9167446,41.43521370000001,46956,1537,,,,4627.820934591966,,,3.2732771104864127,64318,RUS,,,3369,99
Jewish Autonomous Okrug,Russia,2021-09-15 13:32:12,48.57527615,132.66307460000002,7510,239,,,,4635.401878849976,,,3.1824234354194414,64319,RUS,,,1063,45
Kabardino-Balkarian Republic,Russia,2021-09-15 13:32:12,43.4806048,43.5978976,30841,752,,,,3562.023866172034,,,2.4383126357770495,64320,RUS,,,2269,84
Kaliningrad Oblast,Russia,2021-09-15 13:32:12,54.7293041,21.1489473,51534,687,,,,5181.384658540779,,,1.333100477354756,64321,RUS,,,5122,83
Kalmykia Republic,Russia,2021-09-15 13:32:12,46.2313018,45.3275745,29386,573,,,,10669.794091055977,,,1.949908119512693,64322,RUS,,,2630,63
Kaluga Oblast,Russia,2021-09-15 13:32:12,54.4382773,35.5272854,46529,648,,,,4597.472867114073,,,1.3926798340819704,64323,RUS,,,3082,108
Kamchatka Krai,Russia,2021-09-15 13:32:12,57.1914882,160.03838190000005,19107,289,,,,6055.007494684002,,,1.5125346731564349,64324,RUS,,,1365,42
Karachay-Cherkess Republic,Russia,2021-09-15 13:32:12,43.7368326,41.7267991,24729,529,,,,5303.181394151897,,,2.13918880666424,64325,RUS,,,1348,128
Karelia Republic,Russia,2021-09-15 13:32:12,62.61940309999999,33.4920267,63073,813,,,,10132.469268286412,,,1.2889826074548538,64326,RUS,,,4311,64
Kemerovo Oblast,Russia,2021-09-15 13:32:12,54.53357809999999,87.342861,54246,1215,,,,2012.9304602770367,,,2.2397964826899686,64327,RUS,,,4900,144
Khabarovsk Krai,Russia,2021-09-15 13:32:12,51.6312684,136.121524,79685,741,,,,5999.012272811454,,,0.9299115266361296,64328,RUS,,,8563,72
Khakassia Republic,Russia,2021-09-15 13:32:12,53.72258845,91.44293627,37041,1025,,,,6891.182166756898,,,2.7672039091817178,64329,RUS,,,3700,176
Khanty-Mansi Autonomous Okrug,Russia,2021-09-15 13:32:12,61.0259025,69.0982628,72729,1086,,,,4746.570876812621,,,1.4932145361547664,64330,RUS,,,4222,63
Kirov Oblast,Russia,2021-09-15 13:32:12,57.9665589,49.4074599,55738,506,,,,4343.543442447933,,,0.9078187233126412,64331,RUS,,,3210,46
Komi Republic,Russia,2021-09-15 13:32:12,63.9881421,54.3326073,66701,1604,,,,7932.3512587513205,,,2.404761547802881,64332,RUS,,,6635,242
Kostroma Oblast,Russia,2021-09-15 13:32:12,58.424756,44.2533273,32246,734,,,,5012.40432503684,,,2.2762513179929296,64333,RUS,,,2694,80
Krasnodar Krai,Russia,2021-09-15 13:32:12,45.7684014,39.0261044,70554,5728,,,,1259.1238921944098,,,8.11860418969867,64334,RUS,,,6890,929
Krasnoyarsk Krai,Russia,2021-09-15 13:32:12,63.3233807,97.0979974,110745,5503,,,,3849.995324173813,,,4.9690730958508285,64335,RUS,,,11537,634
Kurgan Oblast,Russia,2021-09-15 13:32:12,55.7655302,64.5632681,31585,656,,,,3735.4959037865883,,,2.076935254076302,64336,RUS,,,3494,100
Kursk Oblast,Russia,2021-09-15 13:32:12,51.6568453,36.4852695,54806,1361,,,,4914.291760406084,,,2.4833047476553656,64337,RUS,,,4930,160
Leningrad Oblast,Russia,2021-09-15 13:32:12,60.1853296,32.3925325,65894,2434,,,,3632.893303400124,,,3.6938112726500134,64338,RUS,,,5633,71
Lipetsk Oblast,Russia,2021-09-15 13:32:12,52.6935178,39.1122664,49819,1532,,,,4331.329915380007,,,3.0751319777594888,64339,RUS,,,5824,240
Magadan Oblast,Russia,2021-09-15 13:32:12,62.48858785,153.9903764,10716,245,,,,7436.966916740114,,,2.286300858529302,64340,RUS,,,724,51
Mari El Republic,Russia,2021-09-15 13:32:12,56.5767504,47.8817512,18824,545,,,,2758.770277855534,,,2.895240118997025,64341,RUS,,,1650,110
Mordovia Republic,Russia,2021-09-15 13:32:12,54.4419829,44.4661144,27053,521,,,,3360.3873519357653,,,1.9258492588622331,64342,RUS,,,1928,71
Moscow,Russia,2021-09-15 13:32:12,55.7504461,37.6174943,1591642,28160,,,,12726.550773567727,,,1.769242078306554,64343,RUS,,,44150,1404
Moscow Oblast,Russia,2021-09-15 13:32:12,55.50431579999999,38.0353929,432964,7993,,,,5770.2490276055405,,,1.8461119169261184,64344,RUS,,,23391,393
Murmansk Oblast,Russia,2021-09-15 13:32:12,68.00004179999999,33.9999151,70320,1958,,,,9331.742655167423,,,2.7844141069397037,64345,RUS,,,4447,242
Nenets Autonomous Okrug,Russia,2021-09-15 13:32:12,68.27557185,57.1686375,2110,39,,,,4795.781530558902,,,1.848341232227488,64346,RUS,,,323,17
Nizhny Novgorod Oblast,Russia,2021-09-15 13:32:12,55.47180329999999,44.0911594,162144,6195,,,,5012.56355974121,,,3.820677915926584,64347,RUS,,,11955,661
North Ossetia - Alania Republic,Russia,2021-09-15 13:32:12,42.79336110000001,44.6324493,21908,519,,,,3121.84278212792,,,2.3689976264378307,64348,RUS,,,1961,193
Novgorod Oblast,Russia,2021-09-15 13:32:12,58.2843833,32.5169757,42315,410,,,,6977.192832032923,,,0.9689235495687109,64349,RUS,,,3469,110
Novosibirsk Oblast,Russia,2021-09-15 13:32:12,54.9720169,79.48139240000002,61029,2815,,,,2188.322135762818,,,4.612561241377049,64350,RUS,,,4854,295
Omsk Oblast,Russia,2021-09-15 13:32:12,56.09352629999999,73.5099936,78928,2063,,,,4026.772362978877,,,2.6137745793634704,64351,RUS,,,10729,264
Orel Oblast,Russia,2021-09-15 13:32:12,52.96854329999999,36.0692477,44436,970,,,,5946.628089507218,,,2.1829147538032228,64352,RUS,,,2501,59
Orenburg Oblast,Russia,2021-09-15 13:32:12,52.02692620000001,54.7276647,72215,1736,,,,3651.426895617176,,,2.4039327009624043,64353,RUS,,,9601,317
Penza Oblast,Russia,2021-09-15 13:32:12,53.1655415,44.78791810000001,66991,2409,,,,5030.6573399266335,,,3.5960054335657032,64354,RUS,,,6532,448
Perm Krai,Russia,2021-09-15 13:32:12,58.5951603,56.3159546,94605,4444,,,,3606.580250556398,,,4.697426140267428,64355,RUS,,,13036,714
Primorsky Krai,Russia,2021-09-15 13:32:12,45.0819456,134.726645,65680,1097,,,,3433.284353622016,,,1.670219244823386,64356,RUS,,,6534,105
Pskov Oblast,Russia,2021-09-15 13:32:12,57.5358729,28.8586826,48262,724,,,,7581.855828172668,,,1.5001450416476731,64357,RUS,,,2668,93
Rostov Oblast,Russia,2021-09-15 13:32:12,47.6222451,40.7957942,131510,6397,,,,3116.0169574254132,,,4.864268876891491,64358,RUS,,,13429,765
Ryazan Oblast,Russia,2021-09-15 13:32:12,54.42267320000001,40.57052460000001,40480,1026,,,,3609.5353079964398,,,2.5345849802371543,64359,RUS,,,3130,147
Saint Petersburg,Russia,2021-09-15 13:32:12,59.9606739,30.158655100000004,595382,21131,,,,11124.61193942004,,,3.5491499575062733,64360,RUS,,,34624,1016
Sakha (Yakutiya) Republic,Russia,2021-09-15 13:32:12,66.941626,129.642371,51331,1128,,,,5322.970352472701,,,2.1975024838791373,64361,RUS,,,4145,148
Sakhalin Oblast,Russia,2021-09-15 13:32:12,49.7219665,143.448533,31971,265,,,,6522.284625475079,,,0.8288761690281818,64362,RUS,,,2659,84
Samara Oblast,Russia,2021-09-15 13:32:12,53.2128813,50.8914633,97115,3571,,,,3041.0074920604698,,,3.677083869639088,64363,RUS,,,12574,614
Saratov Oblast,Russia,2021-09-15 13:32:12,51.6520555,46.86319520000001,84472,2620,,,,3429.7082766601034,,,3.1016194715408667,64364,RUS,,,6802,544
Smolensk Oblast,Russia,2021-09-15 13:32:12,55.03434960000001,33.0192065,47553,1601,,,,5009.016714629409,,,3.3667697095871976,64365,RUS,,,3710,171
Stavropol Krai,Russia,2021-09-15 13:32:12,44.86325770000001,43.4406913,80564,2648,,,,2876.593277189705,,,3.286827863561889,64366,RUS,,,9927,565
Sverdlovsk Oblast,Russia,2021-09-15 13:32:12,58.6414755,61.8021546,131217,5719,,,,3033.7395058234697,,,4.358429166952453,64367,RUS,,,14434,925
Tambov Oblast,Russia,2021-09-15 13:32:12,52.9019574,41.3578918,41920,838,,,,4055.9159094075576,,,1.9990458015267176,64368,RUS,,,2559,90
Tatarstan Republic,Russia,2021-09-15 13:32:12,55.7648572,52.43104273,26213,709,,,,673.1147497203592,,,2.704764811353145,64369,RUS,,,1385,53
Tomsk Oblast,Russia,2021-09-15 13:32:12,58.6124279,82.04753149999998,42307,554,,,,3923.5634529064805,,,1.3094759732431984,64370,RUS,,,2959,22
Tula Oblast,Russia,2021-09-15 13:32:12,53.9570701,37.3690909,52938,2862,,,,3548.468182229506,,,5.406324379462769,64371,RUS,,,3187,268
Tver Oblast,Russia,2021-09-15 13:32:12,57.1134475,35.174442799999994,63543,1593,,,,4949.321311375814,,,2.5069637883008355,64372,RUS,,,5597,140
Tyumen Oblast,Russia,2021-09-15 13:32:12,58.8206488,70.36588370000001,58360,1751,,,,1580.5438197378396,,,3.0003427004797807,64373,RUS,,,6824,535
Tyva Republic,Russia,2021-09-15 13:32:12,51.4017149,93.8582593,25780,277,,,,8013.129347697702,,,1.0744763382467029,64374,RUS,,,2074,35
Udmurt Republic,Russia,2021-09-15 13:32:12,57.1961165,52.69598320000001,49743,1779,,,,3287.610935306574,,,3.5763826065979134,64375,RUS,,,6286,405
Ulyanovsk Oblast,Russia,2021-09-15 13:32:12,54.1463177,47.2324921,78476,2439,,,,6295.112055176485,,,3.107956572710128,64376,RUS,,,7900,282
Vladimir Oblast,Russia,2021-09-15 13:32:12,56.0503336,40.6561633,51664,1840,,,,3748.2850710675257,,,3.561474140600805,64377,RUS,,,4861,250
Volgograd Oblast,Russia,2021-09-15 13:32:12,49.6048339,44.29035820000001,86922,2525,,,,3447.540055114949,,,2.9049032465888964,64378,RUS,,,9748,432
Vologda Oblast,Russia,2021-09-15 13:32:12,60.0391461,43.1215213,65120,1748,,,,5534.172580860362,,,2.6842751842751844,64379,RUS,,,6278,224
Voronezh Oblast,Russia,2021-09-15 13:32:12,50.9800393,40.15065070000001,125558,4259,,,,5380.054915484316,,,3.3920578537409005,64380,RUS,,,13022,550
Yamalo-Nenets Autonomous Okrug,Russia,2021-09-15 13:32:12,67.1471631,74.3415488,49036,653,,,,9105.240582530401,,,1.331674687984338,64381,RUS,,,3081,100
Yaroslavl Oblast,Russia,2021-09-15 13:32:12,57.77819760000001,39.0021095,58615,1109,,,,4631.09275300944,,,1.892007165401348,64382,RUS,,,5340,167
Zabaykalsky Krai,Russia,2021-09-15 13:32:12,52.248521,115.956325,66265,1115,,,,6176.7924489609495,,,1.6826378933071755,64383,RUS,,,5314,96
Andalusia,Spain,2021-09-15 13:32:12,37.5443,-4.7278,795191,10998,,,,9435.775306870855,,,1.3830639431281289,72401,ESP,,,30635,571
Aragon,Spain,2021-09-15 13:32:12,41.5976,-0.9057,159538,3769,,,,12080.848956448122,,,2.362446564454864,72402,ESP,,,5294,113
Asturias,Spain,2021-09-15 13:32:12,43.3614,-5.8593,70683,2061,,,,6914.7578029847255,,,2.9158354908535293,72403,ESP,,,1370,24
Baleares,Spain,2021-09-15 13:32:12,39.710358,2.995148,98069,933,,,,8253.437915537526,,,0.9513709734982512,72404,ESP,,,5691,48
C. Valenciana,Spain,2021-09-15 13:32:12,39.484,-0.7533,506740,7711,,,,10185.792112473464,,,1.5216876504716423,72411,ESP,,,16592,155
Canarias,Spain,2021-09-15 13:32:12,28.2916,-16.6291,93745,966,,,,4247.811750504439,,,1.0304549575977386,72405,ESP,,,4837,77
Cantabria,Spain,2021-09-15 13:32:12,43.1828,-3.9878,45530,601,,,,7827.852575729703,,,1.320008785416209,72406,ESP,,,2623,16
Castilla - La Mancha,Spain,2021-09-15 13:32:12,39.2796,-3.0977,235262,6350,,,,11561.485043076313,,,2.6991184296656487,72407,ESP,,,11352,295
Castilla y Leon,Spain,2021-09-15 13:32:12,41.8357,-4.3976,298020,7266,,,,12377.618282425836,,,2.438091403261526,72408,ESP,,,9001,193
Catalonia,Spain,2021-09-15 13:32:12,41.5912,1.5209,906798,15475,,,,11984.487798805012,,,1.7065542711827772,72409,ESP,,,32194,490
Ceuta,Spain,2021-09-15 13:32:12,35.8894,-5.3213,7439,127,,,,8769.406688750309,,,1.707218712192499,72410,ESP,,,580,8
Extremadura,Spain,2021-09-15 13:32:12,39.4937,-6.0679,101767,1937,,,,9551.784078451397,,,1.9033674963396776,72412,ESP,,,6600,92
Galicia,Spain,2021-09-15 13:32:12,42.5751,-8.1339,185431,2605,,,,6866.693254916512,,,1.4048352217266797,72413,ESP,,,10359,100
La Rioja,Spain,2021-09-15 13:32:12,42.2871,-2.5396,39285,822,,,,12528.263136578318,,,2.092401680030546,72419,ESP,,,1332,13
Madrid,Spain,2021-09-15 13:32:12,40.4168,-3.7038,884983,16011,,,,13324.748116017574,,,1.809187295123183,72414,ESP,,,26779,322
Melilla,Spain,2021-09-15 13:32:12,35.2923,-2.9381,10847,105,,,,12808.038824404584,,,0.9680095879044898,72415,ESP,,,666,6
Murcia,Spain,2021-09-15 13:32:12,37.9922,-1.1307,139251,1715,,,,9360.38605517513,,,1.2315890011561856,72416,ESP,,,5527,63
Navarra,Spain,2021-09-15 13:32:12,42.6954,-1.6761,82171,1233,,,,12642.742627849082,,,1.5005293838458824,72417,ESP,,,2249,29
Pais Vasco,Spain,2021-09-15 13:32:12,42.9896,-2.6189,257776,4863,,,,11836.097489301523,,,1.8865216311836632,72418,ESP,,,11243,194
Unknown,Spain,2021-09-15 13:32:12,,,0,0,,,,,,,,72420,ESP,,,0,0
Blekinge,Sweden,2021-09-15 13:32:12,56.2784,15.018,13323,130,,,,8347.43054772377,,,0.9757562110635742,75201,SWE,,,303,0
Dalarna,Sweden,2021-09-15 13:32:12,61.0917,14.6664,28165,345,,,,9780.6685511484,,,1.2249245517486242,75202,SWE,,,727,1
Gavleborg,Sweden,2021-09-15 13:32:12,61.3012,16.1534,36823,560,,,,12813.259007175116,,,1.5207886375363224,75203,SWE,,,484,0
Gotland,Sweden,2021-09-15 13:32:12,57.4684,18.4867,4549,53,,,,7621.55279294977,,,1.1650912288415036,75204,SWE,,,143,1
Halland,Sweden,2021-09-15 13:32:12,56.8967,12.8034,42720,323,,,,12796.2426014234,,,0.7560861423220974,75205,SWE,,,898,3
Jamtland Harjedalen,Sweden,2021-09-15 13:32:12,63.1712,14.9592,13009,126,,,,9944.958336518615,,,0.9685602275347835,75206,SWE,,,277,5
Jonkoping,Sweden,2021-09-15 13:32:12,57.3708,14.3439,45013,560,,,,12379.84702928226,,,1.2440850420989489,75207,SWE,,,864,5
Kalmar,Sweden,2021-09-15 13:32:12,57.235,16.1849,25168,247,,,,10253.986620274927,,,0.9814049586776858,75208,SWE,,,548,1
Kronoberg,Sweden,2021-09-15 13:32:12,56.7183,14.4115,23295,319,,,,11562.572902034555,,,1.3693925735136296,75209,SWE,,,568,1
Norrbotten,Sweden,2021-09-15 13:32:12,66.8309,20.3992,27198,275,,,,10875.154442547371,,,1.0111037576292374,75210,SWE,,,187,0
Orebro,Sweden,2021-09-15 13:32:12,59.535,15.0066,33523,345,,,,10998.17916372763,,,1.0291441696745518,75211,SWE,,,861,2
Ostergotland,Sweden,2021-09-15 13:32:12,58.3454,15.5198,44092,646,,,,9472.067369144674,,,1.4651183888233694,75212,SWE,,,1044,4
Skane,Sweden,2021-09-15 13:32:12,55.9903,13.5958,163354,1769,,,,11855.915147547552,,,1.0829242014275744,75213,SWE,,,4127,8
Sormland,Sweden,2021-09-15 13:32:12,59.0336,16.7519,26847,481,,,,9022.988505747126,,,1.7916340745707156,75214,SWE,,,548,2
Stockholm,Sweden,2021-09-15 13:32:12,59.6025,18.1384,271489,4389,,,,11421.108493989055,,,1.6166400848653169,75215,SWE,,,8219,19
Uppsala,Sweden,2021-09-15 13:32:12,60.0092,17.2715,41867,542,,,,10911.01943379557,,,1.2945756801299353,75216,SWE,,,750,1
Varmland,Sweden,2021-09-15 13:32:12,59.7294,13.2354,21316,219,,,,7547.784458277563,,,1.0273972602739727,75217,SWE,,,484,4
Vasterbotten,Sweden,2021-09-15 13:32:12,65.3337,16.5162,24898,183,,,,9162.569552801247,,,0.7349987950839425,75218,SWE,,,677,2
Vasternorrland,Sweden,2021-09-15 13:32:12,63.4276,17.7292,27408,481,,,,11171.116826372443,,,1.7549620548744893,75219,SWE,,,274,0
Vastmanland,Sweden,2021-09-15 13:32:12,59.6714,16.2159,29085,355,,,,10543.964907828671,,,1.2205604263365997,75220,SWE,,,879,2
Vastra Gotaland,Sweden,2021-09-15 13:32:12,58.2528,13.0596,199628,2392,,,,11566.73026703463,,,1.198228705392029,75221,SWE,,,5853,9
Alabama,US,2021-09-15 13:32:12,32.3182,-86.9023,754242,12718,,,1,15382.695125719305,2756534,,1.6861962075832426,84000001,USA,56219.25340365497,,112856,886
Alaska,US,2021-09-15 13:32:12,61.3707,-152.4044,97326,466,,,2,13304.17130866864,2881227,,0.4788031975011816,84000002,USA,393855.0601808501,,15989,58
American Samoa,US,2021-09-15 13:32:12,-14.271,-170.132,0,0,,,60,0.0,2140,,,16,ASM,3846.084721698028,,0,0
Arizona,US,2021-09-15 13:32:12,33.7298,-111.4312,1053487,19304,,,4,14473.526034876753,12239555,,1.8323909075289968,84000004,USA,168155.39057226706,,82964,837
Arkansas,US,2021-09-15 13:32:12,34.9697,-92.3731,477191,7334,,,5,15812.524603983557,3772950,,1.536910796725001,84000005,USA,125023.02999134471,,54325,795
California,US,2021-09-15 13:32:12,36.1162,-119.6816,4497470,67298,,,6,11382.477771498709,86682313,,1.496352393679113,84000006,USA,219381.0077453754,,333622,2554
Colorado,US,2021-09-15 13:32:12,39.0598,-105.3111,642360,7320,,,8,11154.5311332209,10621785,,1.1395479170558565,84000008,USA,184446.46533544862,,48798,273
Connecticut,US,2021-09-15 13:32:12,41.5978,-72.7554,381331,8446,,,9,10695.660685941972,9730261,,2.2148736924089567,84000009,USA,272916.6263473319,,17033,142
Delaware,US,2021-09-15 13:32:12,39.3185,-75.5071,125798,1902,,,10,12918.73595655621,2126400,,1.51194772571901,84000010,USA,218369.13256189387,,10886,62
Diamond Princess,US,2021-09-15 13:32:12,,,49,0,,,88888,,,,0.0,84088888,USA,,,0,0
District of Columbia,US,2021-09-15 13:32:12,38.8974,-77.0268,58146,1167,,,11,8238.906466746676,1926121,,2.0070168197296456,84000011,USA,272918.70055784704,,5303,16
Florida,US,2021-09-15 13:32:12,27.7663,-81.6868,3453390,49254,,,12,16078.928613382312,24335454,,1.4262507275459766,84000012,USA,113305.48465138575,,498292,8124
Georgia,US,2021-09-15 13:32:12,33.0406,-83.6431,1507503,24028,,,13,14198.388818077607,11036609,,1.5938940088344766,84000013,USA,103948.09550302367,,227850,1968
Grand Princess,US,2021-09-15 13:32:12,,,103,3,,,99999,,,,2.9126213592233015,84099999,USA,,,0,0
Guam,US,2021-09-15 13:32:12,13.4443,144.7937,12974,171,,,66,7899.944589567007,213165,,1.3180206566980115,316,GUM,129797.41702135431,,3691,26
Hawaii,US,2021-09-15 13:32:12,21.0943,-157.4983,72775,660,,,15,5139.942028657958,2244347,,0.9069048436963244,84000015,USA,158513.410816797,,20576,108
Idaho,US,2021-09-15 13:32:12,44.2405,-114.4788,237000,2505,,,16,13261.968646915471,916415,,1.0569620253164558,84000016,USA,51280.451466510734,,26685,247
Illinois,US,2021-09-15 13:32:12,40.3495,-88.9861,1578198,26840,,,17,12454.389941272055,30099346,,1.7006738064552105,84000017,USA,237529.75992953184,,107746,767
Indiana,US,2021-09-15 13:32:12,39.8494,-86.2583,913528,14940,,,18,13569.493208702805,12903528,,1.635417852545297,84000018,USA,191668.27460604,,107434,767
Iowa,US,2021-09-15 13:32:12,42.0115,-93.2105,425194,6337,,,19,13476.531424025456,1600621,,1.4903785095744533,84000019,USA,50731.711182319246,,34216,127
Kansas,US,2021-09-15 13:32:12,38.5266,-96.7265,390880,5777,,,20,13417.022675894186,1678788,,1.4779471960704051,84000020,USA,57624.68446586945,,39514,377
Kentucky,US,2021-09-15 13:32:12,37.6681,-84.6701,634298,8095,,,21,14197.502816343092,6547869,,1.276214019278005,84000021,USA,146561.06210100875,,112089,636
Louisiana,US,2021-09-15 13:32:12,31.1695,-91.8678,717224,13120,,,22,15428.173414438239,8795823,,1.8292750939734308,84000022,USA,189206.555506654,,85387,1414
Maine,US,2021-09-15 13:32:12,44.6939,-69.3819,81955,976,,,23,6096.88055157966,2593857,,1.1908974437191142,84000023,USA,192964.87458823452,,8280,62
Maryland,US,2021-09-15 13:32:12,39.0639,-76.8021,512740,10205,,,24,8481.097246298184,12428741,,1.9902874751335962,84000024,USA,205580.5302298501,,31171,306
Massachusetts,US,2021-09-15 13:32:12,42.2302,-71.5301,783750,18392,,,25,11371.050545788665,27207427,,2.3466666666666667,84000025,USA,394739.4292030049,,44703,238
Michigan,US,2021-09-15 13:32:12,43.3266,-84.5361,1095200,21854,,,26,10966.413156811996,15641783,,1.9954346238130023,84000026,USA,156623.68050328546,,62680,550
Minnesota,US,2021-09-15 13:32:12,45.6945,-93.9002,673774,8008,,,27,11947.127046587437,10719747,,1.1885290913570423,84000027,USA,190078.8384774042,,44420,178
Mississippi,US,2021-09-15 13:32:12,32.7416,-89.6787,466145,9061,,,28,15662.690275251674,2383617,,1.9438157654806985,84000028,USA,80090.64734326137,,73836,1181
Missouri,US,2021-09-15 13:32:12,38.4561,-92.2884,797601,11493,,,29,12995.688096055872,6785966,,1.4409460369282383,84000029,USA,110566.9345530408,,64190,884
Montana,US,2021-09-15 13:32:12,46.9219,-110.4544,136175,1847,,,30,12741.186663647642,1720225,,1.356342941068478,84000030,USA,160952.50837872786,,15229,104
Nebraska,US,2021-09-15 13:32:12,41.1254,-98.2681,253080,2356,,,31,13083.07244386913,3526792,,0.9309309309309308,84000031,USA,182318.9316834918,,18005,54
Nevada,US,2021-09-15 13:32:12,38.3135,-117.0554,406212,6763,,,32,13188.033333376621,4203568,,1.6648941931799162,84000032,USA,136472.56827251607,,31561,540
New Hampshire,US,2021-09-15 13:32:12,43.4525,-71.5639,112747,1448,,,33,8291.982634545135,2318825,,1.2842913780411007,84000033,USA,170538.07757677918,,9014,52
New Jersey,US,2021-09-15 13:32:12,40.2989,-74.521,1121089,27101,,,34,12621.763326386848,15344673,,2.4173816708575324,84000034,USA,172757.76582126706,,57030,386
New Mexico,US,2021-09-15 13:32:12,34.8405,-106.2485,242399,4631,,,35,11560.2655247519,4340320,,1.9104864293994608,84000035,USA,206994.46640617808,,21313,176
New York,US,2021-09-15 13:32:12,42.1657,-74.9481,2345068,54693,,,36,12054.697851976818,67366394,,2.3322564633520217,84000036,USA,346293.3804253113,,131892,767
North Carolina,US,2021-09-15 13:32:12,35.6301,-79.8064,1308150,15305,,,37,12472.726190980164,14864864,,1.1699728624393226,84000037,USA,141730.97774579228,,182163,1410
North Dakota,US,2021-09-15 13:32:12,47.5289,-99.784,123104,1608,,,38,16154.066204587029,1706675,,1.3062126332206914,84000038,USA,223954.87506265892,,9431,29
Northern Mariana Islands,US,2021-09-15 13:32:12,15.0979,145.6739,256,2,,,69,464.23908312781083,17542,,0.78125,580,MNP,31811.25779776585,,37,0
Ohio,US,2021-09-15 13:32:12,40.3888,-82.7649,1311518,21260,,,39,11220.008383879,15519022,,1.6210223572989466,84000039,USA,132764.9006339239,,146710,361
Oklahoma,US,2021-09-15 13:32:12,35.5653,-96.9289,585721,8208,,,40,14802.256574536434,4432347,,1.4013497894048532,84000040,USA,112013.63366069652,,69058,614
Oregon,US,2021-09-15 13:32:12,44.572,-122.0709,303532,3490,,,41,7196.560620067112,6605754,,1.1497963970849858,84000041,USA,156618.44254395188,,57774,526
Pennsylvania,US,2021-09-15 13:32:12,40.5908,-77.2098,1354451,28651,,,42,10580.00440400316,16513460,,2.115322001312709,84000042,USA,128991.36220160787,,95677,658
Puerto Rico,US,2021-09-15 13:32:12,18.2208,-66.5901,177460,3044,,,72,5556.574925462491,415664,,1.7153161275780455,630,PRI,13015.147975980166,,18184,339
Rhode Island,US,2021-09-15 13:32:12,41.6809,-71.5118,167245,2808,,,44,15787.347278217718,5043934,,1.6789739603575593,84000044,USA,476129.85563939024,,8631,61
South Carolina,US,2021-09-15 13:32:12,33.8569,-80.945,806597,11349,,,45,15665.989604394417,8356046,,1.407022342012182,84000045,USA,162293.8465799421,,136959,1234
South Dakota,US,2021-09-15 13:32:12,44.2998,-99.4388,138292,2093,,,46,15632.237958354575,915642,,1.513464264021057,84000046,USA,103502.25341063619,,10970,36
Tennessee,US,2021-09-15 13:32:12,35.7478,-86.6923,1160055,14126,,,47,16986.754181398806,9554854,,1.217700884871838,84000047,USA,139912.29393188693,,201886,1115
Texas,US,2021-09-15 13:32:12,31.0545,-97.5635,3870934,60423,,,48,13349.944428313798,31447243,,1.5609411062033092,84000048,USA,108454.17319791042,,486468,5945
Utah,US,2021-09-15 13:32:12,40.15,-111.8624,485466,2753,,,49,15142.618836553691,4070316,,0.5670839976435013,84000049,USA,126960.98950766044,,37695,216
Vermont,US,2021-09-15 13:32:12,44.0459,-72.7107,30376,291,,,50,4868.034532660031,1972818,,0.9579931524888068,84000050,USA,316162.304143182,,3979,27
Virgin Islands,US,2021-09-15 13:32:12,18.3358,-64.8963,6298,66,,,78,5871.275683335198,174984,,1.0479517307081614,850,VIR,163127.86665175075,,972,25
Virginia,US,2021-09-15 13:32:12,37.7693,-78.17,814738,12118,,,51,9545.266081652446,8894548,,1.4873493073847053,84000051,USA,104206.2937239083,,88767,493
Washington,US,2021-09-15 13:32:12,47.4009,-121.4905,609911,7037,,,53,8009.449377686594,9842443,,1.1537748950256677,84000053,USA,129252.54497994915,,92697,768
West Virginia,US,2021-09-15 13:32:12,38.4912,-80.9545,213179,3261,,,54,11895.173777597483,3656762,,1.5297003926277917,84000054,USA,204043.6415093181,,38361,271
Wisconsin,US,2021-09-15 13:32:12,44.2685,-89.6165,760401,8646,,,55,13059.847479593584,10220398,,1.1370316451451274,84000055,USA,175534.80211196898,,51111,310
Wyoming,US,2021-09-15 13:32:12,42.756,-107.3025,82463,918,,,56,14248.244951698376,936293,,1.1132265379624802,84000056,USA,161775.97238228694,,13107,109
Cherkasy Oblast,Ukraine,2021-09-15 13:32:12,49.4444,32.0598,83940,1338,,,,6958.173864820438,,,1.5939957112223015,80401,UKR,,,1304,8
Chernihiv Oblast,Ukraine,2021-09-15 13:32:12,51.4982,31.2893,59268,1390,,,,5892.945030798065,,,2.3452790713369778,80402,UKR,,,1169,30
Chernivtsi Oblast,Ukraine,2021-09-15 13:32:12,48.2917,25.9352,84172,1896,,,,9307.211397054758,,,2.2525305327187186,80403,UKR,,,3398,86
Crimea Republic*,Ukraine,2021-09-15 13:32:12,45.2835,34.2008,74723,2398,,,,3904.571750157154,,,3.2091859266892384,80404,UKR,,,8162,395
Dnipropetrovsk Oblast,Ukraine,2021-09-15 13:32:12,48.4647,35.0462,140998,4745,,,,4397.2871160466775,,,3.365295961644846,80405,UKR,,,3344,165
Donetsk Oblast,Ukraine,2021-09-15 13:32:12,48.0159,37.8028,95474,2516,,,,2291.7971406425645,,,2.6352724301904185,80406,UKR,,,2709,85
Ivano-Frankivsk Oblast,Ukraine,2021-09-15 13:32:12,48.9226,24.7111,88974,2146,,,,6479.073032480565,,,2.4119405669071865,80407,UKR,,,1579,36
Kharkiv Oblast,Ukraine,2021-09-15 13:32:12,49.9935,36.2304,155297,3765,,,,5804.197790550002,,,2.424386820093112,80408,UKR,,,4422,125
Kherson Oblast,Ukraine,2021-09-15 13:32:12,46.6354,32.6169,39157,1265,,,,3773.6594580008477,,,3.2305845698087188,80409,UKR,,,1781,61
Khmelnytskyi Oblast,Ukraine,2021-09-15 13:32:12,49.423,26.9871,91823,1953,,,,7260.428321229061,,,2.1269180924169326,80410,UKR,,,1869,44
Kiev,Ukraine,2021-09-15 13:32:12,50.4501,30.5234,228714,5321,,,,7750.915006100042,,,2.326486354136607,80411,UKR,,,6871,55
Kiev Oblast,Ukraine,2021-09-15 13:32:12,50.053,30.7667,130862,2826,,,,7401.948029910518,,,2.1595268297901606,80412,UKR,,,1931,40
Kirovohrad Oblast,Ukraine,2021-09-15 13:32:12,48.5079,32.2623,21216,877,,,,2243.7758381638605,,,4.1336726998491695,80413,UKR,,,368,12
Luhansk Oblast,Ukraine,2021-09-15 13:32:12,48.574,39.3078,30027,1028,,,,1395.414978764616,,,3.4235854397708727,80414,UKR,,,2083,35
Lviv Oblast,Ukraine,2021-09-15 13:32:12,49.8397,24.0297,142599,3760,,,,5654.1559328808125,,,2.6367646336930832,80415,UKR,,,3479,51
Mykolaiv Oblast,Ukraine,2021-09-15 13:32:12,46.975,31.9946,71634,1894,,,,2840.3411391102613,,,2.643995867883966,80416,UKR,,,858,20
Odessa Oblast,Ukraine,2021-09-15 13:32:12,46.4846,30.7326,147136,3127,,,,6181.38493001746,,,2.1252446715963464,80417,UKR,,,3687,71
Poltava Oblast,Ukraine,2021-09-15 13:32:12,49.5883,34.5514,79942,1901,,,,5708.352880775243,,,2.3779740311726,80418,UKR,,,1181,21
Rivne Oblast,Ukraine,2021-09-15 13:32:12,50.6199,26.2516,81586,1230,,,,7049.678519244345,,,1.5076116000294169,80419,UKR,,,1414,21
Sevastopol*,Ukraine,2021-09-15 13:32:12,44.6054,33.522,28835,1077,,,,6505.930583852838,,,3.7350442170972777,80420,UKR,,,4473,120
Sumy Oblast,Ukraine,2021-09-15 13:32:12,50.9077,34.7981,80319,1374,,,,7427.192815359093,,,1.7106786688081277,80421,UKR,,,1301,23
Ternopil Oblast,Ukraine,2021-09-15 13:32:12,49.5535,25.5948,73011,1244,,,,6980.826653943715,,,1.7038528440919862,80422,UKR,,,2132,33
Vinnytsia Oblast,Ukraine,2021-09-15 13:32:12,49.2331,28.4682,73574,1742,,,,4715.0911885075175,,,2.3676842362791204,80423,UKR,,,1447,29
Volyn Oblast,Ukraine,2021-09-15 13:32:12,50.7472,25.3254,63515,1215,,,,6134.758965740391,,,1.91293395260962,80424,UKR,,,1010,9
Zakarpattia Oblast,Ukraine,2021-09-15 13:32:12,48.6208,22.2879,62912,1617,,,,5005.720869317522,,,2.570256866734486,80425,UKR,,,451,5
Zaporizhia Oblast,Ukraine,2021-09-15 13:32:12,47.8388,35.1396,108585,2533,,,,6365.500552221902,,,2.33273472394898,80426,UKR,,,2405,67
Zhytomyr Oblast,Ukraine,2021-09-15 13:32:12,50.2547,28.6587,91061,1847,,,,7462.835797287807,,,2.0283106928322767,80427,UKR,,,1744,29
Anguilla,United Kingdom,2021-09-15 13:32:12,18.2206,-63.0686,318,0,,,,2119.717371017198,,,0.0,660,AIA,,,181,0
Bermuda,United Kingdom,2021-09-15 13:32:12,32.3078,-64.7505,3877,36,,,,6225.8121497278125,,,0.9285530049006964,60,BMU,,,1214,3
British Virgin Islands,United Kingdom,2021-09-15 13:32:12,18.4207,-64.64,2642,37,,,,8737.639316069715,,,1.400454201362604,92,VGB,,,81,0
Cayman Islands,United Kingdom,2021-09-15 13:32:12,19.3133,-81.2546,745,2,,,,1133.5970785149118,,,0.2684563758389262,136,CYM,,,94,0
Channel Islands,United Kingdom,2021-09-15 13:32:12,49.3723,-2.3644,11168,96,,,,6550.185045073578,,,0.8595988538681948,8261,GBR,,,1163,4
England,United Kingdom,2021-09-15 13:32:12,52.3555,-1.1743,6237505,117955,,,,11142.938553553948,,,1.8910606083682495,82601,GBR,,,716274,2746
Falkland Islands (Malvinas),United Kingdom,2021-09-15 13:32:12,-51.7963,-59.5236,67,0,,,,1923.6290554120008,,,0.0,238,FLK,,,1,0
Gibraltar,United Kingdom,2021-09-15 13:32:12,36.1408,-5.3536,5445,97,,,,16161.586180285538,,,1.7814508723599634,292,GIB,,,210,1
Isle of Man,United Kingdom,2021-09-15 13:32:12,54.2361,-4.5481,7050,38,,,,8290.996330793114,,,0.5390070921985816,833,IMN,,,980,1
Montserrat,United Kingdom,2021-09-15 13:32:12,16.742498,-62.187366,31,1,,,,620.124024804961,,,3.2258064516129035,500,MSR,,,8,0
Northern Ireland,United Kingdom,2021-09-15 13:32:12,54.7877,-6.4923,220701,2468,,,,11729.432397959185,,,1.1182550147031505,82602,GBR,,,42234,210
"Saint Helena, Ascension and Tristan da Cunha",United Kingdom,2021-09-15 13:32:12,-7.9467,-14.3559,4,0,,,,70.65889418830595,,,0.0,654,SHN,,,0,0
Scotland,United Kingdom,2021-09-15 13:32:12,56.4907,-4.2026,512312,8263,,,,9377.336042318746,,,1.6128843361076843,82603,GBR,,,145071,222
Turks and Caicos Islands,United Kingdom,2021-09-15 13:32:12,21.694000000000006,-71.7979,2774,21,,,,7164.626272018184,,,0.7570295602018745,796,TCA,,,206,2
Unknown,United Kingdom,2021-09-15 13:32:12,,,0,0,,,,,,,,82605,GBR,,,0,0
Wales,United Kingdom,2021-09-15 13:32:12,52.1307,-3.7837,312292,5760,,,,9950.041419741288,,,1.8444276510445352,82604,GBR,,,56990,119
